mc	mn	quarterbeats	quarterbeats_all_endings	duration_qb	volta	mc_onset	mn_onset	event	timesig	staff	voice	duration	nominal_duration	scalar	chord_id	articulation	tempo	qpm	metronome_base	metronome_number	tempo_visible	slur
1	0	0	0	0.0		0	15/16	Tempo	4/4	1	1	0					ùÖü=66	66.0	ùÖü	66.0	0.0	
1	0	0	0	0.25		0	15/16	Chord	4/4	1	1	1/16	1/16	1	0							
2	1	1/4	1/4	0.75		0	0	Chord	4/4	1	1	3/16	1/8	3/2	1							
2	1	1	1	0.25		3/16	3/16	Chord	4/4	1	1	1/16	1/16	1	2							
2	1	5/4	5/4	0.75		1/4	1/4	Chord	4/4	1	1	3/16	1/8	3/2	3	ornamentTrill						
2	1	2	2	0.125		7/16	7/16	Chord	4/4	1	1	1/32	1/32	1	4							
2	1	17/8	17/8	0.125		15/32	15/32	Chord	4/4	1	1	1/32	1/32	1	5							
2	1	9/4	9/4	0.75		1/2	1/2	Chord	4/4	1	1	3/16	1/8	3/2	6							
2	1	3	3	0.125		11/16	11/16	Chord	4/4	1	1	1/32	1/32	1	7							
2	1	25/8	25/8	0.125		23/32	23/32	Chord	4/4	1	1	1/32	1/32	1	8							
2	1	13/4	13/4	0.375		3/4	3/4	Chord	4/4	1	1	3/32	1/16	3/2	9							
2	1	29/8	29/8	0.125		27/32	27/32	Chord	4/4	1	1	1/32	1/32	1	10							
2	1	15/4	15/4	0.375		7/8	7/8	Chord	4/4	1	1	3/32	1/16	3/2	11							
2	1	33/8	33/8	0.125		31/32	31/32	Chord	4/4	1	1	1/32	1/32	1	12							
2	1	1/4	1/4	0.75		0	0	Chord	4/4	1	2	3/16	1/8	3/2	13							
2	1	5/4	5/4	0.75		1/4	1/4	Chord	4/4	1	2	3/16	1/8	3/2	14							
2	1	9/4	9/4	0.75		1/2	1/2	Chord	4/4	1	2	3/16	1/8	3/2	15							
2	1	1/4	1/4	0.75		0	0	Chord	4/4	1	3	3/16	1/8	3/2	16							
2	1	9/4	9/4	0.75		1/2	1/2	Chord	4/4	1	3	3/16	1/8	3/2	17							
2	1	1/4	1/4	0.75		0	0	Chord	4/4	1	4	3/16	1/8	3/2	18							
2	1	9/4	9/4	0.75		1/2	1/2	Chord	4/4	1	4	3/16	1/8	3/2	19							
3	2	17/4	17/4	0.75		0	0	Chord	4/4	1	1	3/16	1/8	3/2	20							
3	2	5	5	0.125		3/16	3/16	Chord	4/4	1	1	1/32	1/32	1	21							
3	2	41/8	41/8	0.125		7/32	7/32	Chord	4/4	1	1	1/32	1/32	1	22							
3	2	21/4	21/4	0.375		1/4	1/4	Chord	4/4	1	1	3/32	1/16	3/2	23							
3	2	45/8	45/8	0.125		11/32	11/32	Chord	4/4	1	1	1/32	1/32	1	24							
3	2	23/4	23/4	0.375		3/8	3/8	Chord	4/4	1	1	3/32	1/16	3/2	25	ornamentTrill						
3	2	49/8	49/8	0.125		15/32	15/32	Chord	4/4	1	1	1/32	1/32	1	26							
3	2	25/4	25/4	0.375		1/2	1/2	Chord	4/4	1	1	3/32	1/16	3/2	27							
3	2	53/8	53/8	0.125		19/32	19/32	Chord	4/4	1	1	1/32	1/32	1	28							
3	2	27/4	27/4	0.375		5/8	5/8	Chord	4/4	1	1	3/32	1/16	3/2	29							
3	2	57/8	57/8	0.125		23/32	23/32	Chord	4/4	1	1	1/32	1/32	1	30							
3	2	29/4	29/4	0.375		3/4	3/4	Chord	4/4	1	1	3/32	1/16	3/2	31							
3	2	61/8	61/8	0.125		27/32	27/32	Chord	4/4	1	1	1/32	1/32	1	32							
3	2	31/4	31/4	0.375		7/8	7/8	Chord	4/4	1	1	3/32	1/16	3/2	33							
3	2	65/8	65/8	0.125		31/32	31/32	Chord	4/4	1	1	1/32	1/32	1	34							
3	2	17/4	17/4	0.75		0	0	Chord	4/4	1	2	3/16	1/8	3/2	35							
3	2	17/4	17/4	0.75		0	0	Chord	4/4	1	3	3/16	1/8	3/2	36							
4	3	33/4	33/4	0.375		0	0	Chord	4/4	1	1	3/32	1/16	3/2	37							
4	3	69/8	69/8	0.0625		3/32	3/32	Chord	4/4	1	1	1/64	1/64	1	38							
4	3	139/16	139/16	0.0625		7/64	7/64	Chord	4/4	1	1	1/64	1/64	1	39							
4	3	35/4	35/4	0.375		1/8	1/8	Chord	4/4	1	1	3/32	1/16	3/2	40							
4	3	73/8	73/8	0.125		7/32	7/32	Chord	4/4	1	1	1/32	1/32	1	41							
4	3	37/4	37/4	0.25		1/4	1/4	Chord	4/4	1	1	1/16	1/16	1	42							
4	3	19/2	19/2	0.125		5/16	5/16	Chord	4/4	1	1	1/32	1/32	1	43							0
4	3	77/8	77/8	0.125		11/32	11/32	Chord	4/4	1	1	1/32	1/32	1	44							0
4	3	39/4	39/4	0.25		3/8	3/8	Chord	4/4	1	1	1/16	1/16	1	45							0
4	3	10	10	0.125		7/16	7/16	Chord	4/4	1	1	1/32	1/32	1	46							0
4	3	81/8	81/8	0.125		15/32	15/32	Chord	4/4	1	1	1/32	1/32	1	47							
4	3	41/4	41/4	0.75		1/2	1/2	Chord	4/4	1	1	3/16	1/8	3/2	48							
4	3	11	11	0.25		11/16	11/16	Chord	4/4	1	1	1/16	1/16	1	49							
4	3	45/4	45/4	0.25		3/4	3/4	Chord	4/4	1	1	1/16	1/16	1	50							
4	3	23/2	23/2	0.125		13/16	13/16	Chord	4/4	1	1	1/32	1/32	1	51							
4	3	93/8	93/8	0.125		27/32	27/32	Chord	4/4	1	1	1/32	1/32	1	52							
4	3	47/4	47/4	0.375		7/8	7/8	Chord	4/4	1	1	3/32	1/16	3/2	53							
4	3	97/8	97/8	0.125		31/32	31/32	Chord	4/4	1	1	1/32	1/32	1	54							
4	3	41/4	41/4	0.75		1/2	1/2	Chord	4/4	1	2	3/16	1/8	3/2	55							
4	3	97/8	97/8	0.125		31/32	31/32	Chord	4/4	1	2	1/32	1/32	1	56							
5	4	49/4	49/4	0.25		0	0	Chord	4/4	1	1	1/16	1/16	1	57							
5	4	105/8	105/8	0.125		7/32	7/32	Chord	4/4	1	1	1/32	1/32	1	58							
5	4	53/4	53/4	0.375		1/4	1/4	Chord	4/4	1	1	3/32	1/16	3/2	59							
5	4	113/8	113/8	0.125		15/32	15/32	Chord	4/4	1	1	1/32	1/32	1	60							
5	4	57/4	57/4	0.375		1/2	1/2	Chord	4/4	1	1	3/32	1/16	3/2	61							
5	4	117/8	117/8	0.0625		19/32	19/32	Chord	4/4	1	1	1/64	1/64	1	62							
5	4	235/16	235/16	0.0625		39/64	39/64	Chord	4/4	1	1	1/64	1/64	1	63							
5	4	59/4	59/4	0.375		5/8	5/8	Chord	4/4	1	1	3/32	1/16	3/2	64							
5	4	121/8	121/8	0.125		23/32	23/32	Chord	4/4	1	1	1/32	1/32	1	65							
5	4	61/4	61/4	0.375		3/4	3/4	Chord	4/4	1	1	3/32	1/16	3/2	66							
5	4	125/8	125/8	0.125		27/32	27/32	Chord	4/4	1	1	1/32	1/32	1	67							
5	4	63/4	63/4	0.375		7/8	7/8	Chord	4/4	1	1	3/32	1/16	3/2	68							
5	4	129/8	129/8	0.125		31/32	31/32	Chord	4/4	1	1	1/32	1/32	1	69							
5	4	49/4	49/4	0.25		0	0	Chord	4/4	1	2	1/16	1/16	1	70							
5	4	25/2	25/2	0.125		1/16	1/16	Chord	4/4	1	2	1/32	1/32	1	71							
5	4	101/8	101/8	0.125		3/32	3/32	Chord	4/4	1	2	1/32	1/32	1	72							
5	4	51/4	51/4	0.375		1/8	1/8	Chord	4/4	1	2	3/32	1/16	3/2	73							
5	4	105/8	105/8	0.125		7/32	7/32	Chord	4/4	1	2	1/32	1/32	1	74							
5	4	53/4	53/4	0.375		1/4	1/4	Chord	4/4	1	2	3/32	1/16	3/2	75							
5	4	109/8	109/8	0.125		11/32	11/32	Chord	4/4	1	2	1/32	1/32	1	76							
5	4	55/4	55/4	0.375		3/8	3/8	Chord	4/4	1	2	3/32	1/16	3/2	77							
5	4	113/8	113/8	0.125		15/32	15/32	Chord	4/4	1	2	1/32	1/32	1	78							
5	4	57/4	57/4	0.25		1/2	1/2	Chord	4/4	1	2	1/16	1/16	1	79							
5	4	53/4	53/4	0.375		1/4	1/4	Chord	4/4	1	3	3/32	1/16	3/2	80							
5	4	57/4	57/4	0.25		1/2	1/2	Chord	4/4	1	3	1/16	1/16	1	81							
5	4	57/4	57/4	0.25		1/2	1/2	Chord	4/4	1	4	1/16	1/16	1	82							
6	5	65/4	65/4	0.125		0	0	Chord	4/4	1	1	1/32	1/32	1	83							1
6	5	131/8	131/8	0.375		1/32	1/32	Chord	4/4	1	1	3/32	1/16	3/2	84							
6	5	67/4	67/4	0.125		1/8	1/8	Chord	4/4	1	1	1/32	1/32	1	85							2
6	5	135/8	135/8	0.375		5/32	5/32	Chord	4/4	1	1	3/32	1/16	3/2	86							
6	5	69/4	69/4	0.375		1/4	1/4	Chord	4/4	1	1	3/32	1/16	3/2	87							
6	5	141/8	141/8	0.125		11/32	11/32	Chord	4/4	1	1	1/32	1/32	1	88							
6	5	71/4	71/4	0.375		3/8	3/8	Chord	4/4	1	1	3/32	1/16	3/2	89							
6	5	145/8	145/8	0.0625		15/32	15/32	Chord	4/4	1	1	1/64	1/64	1	90							
6	5	291/16	291/16	0.0625		31/64	31/64	Chord	4/4	1	1	1/64	1/64	1	91							
6	5	73/4	73/4	0.5		1/2	1/2	Chord	4/4	1	1	1/8	1/8	1	92							
6	5	75/4	75/4	0.125		5/8	5/8	Chord	4/4	1	1	1/32	1/32	1	93							
6	5	151/8	151/8	0.125		21/32	21/32	Chord	4/4	1	1	1/32	1/32	1	94							
6	5	19	19	0.125		11/16	11/16	Chord	4/4	1	1	1/32	1/32	1	95							
6	5	153/8	153/8	0.125		23/32	23/32	Chord	4/4	1	1	1/32	1/32	1	96							
6	5	77/4	77/4	0.375		3/4	3/4	Chord	4/4	1	1	3/32	1/16	3/2	97							
6	5	157/8	157/8	0.125		27/32	27/32	Chord	4/4	1	1	1/32	1/32	1	98							
6	5	79/4	79/4	0.375		7/8	7/8	Chord	4/4	1	1	3/32	1/16	3/2	99	ornamentTrill						
6	5	161/8	161/8	0.125		31/32	31/32	Chord	4/4	1	1	1/32	1/32	1	100							
6	5	73/4	73/4	0.375		1/2	1/2	Chord	4/4	1	2	3/32	1/16	3/2	101							
6	5	73/4	73/4	0.375		1/2	1/2	Chord	4/4	1	3	3/32	1/16	3/2	102							
7	6	81/4	81/4	0.375		0	0	Chord	4/4	1	1	3/32	1/16	3/2	103							
7	6	165/8	165/8	0.125		3/32	3/32	Chord	4/4	1	1	1/32	1/32	1	104							
7	6	83/4	83/4	0.375		1/8	1/8	Chord	4/4	1	1	3/32	1/16	3/2	105							
7	6	169/8	169/8	0.125		7/32	7/32	Chord	4/4	1	1	1/32	1/32	1	106							
7	6	85/4	85/4	0.375		1/4	1/4	Chord	4/4	1	1	3/32	1/16	3/2	107							
7	6	173/8	173/8	0.125		11/32	11/32	Chord	4/4	1	1	1/32	1/32	1	108							
7	6	87/4	87/4	0.375		3/8	3/8	Chord	4/4	1	1	3/32	1/16	3/2	109							
7	6	177/8	177/8	0.125		15/32	15/32	Chord	4/4	1	1	1/32	1/32	1	110							
7	6	89/4	89/4	0.375		1/2	1/2	Chord	4/4	1	1	3/32	1/16	3/2	111							
7	6	181/8	181/8	0.125		19/32	19/32	Chord	4/4	1	1	1/32	1/32	1	112							
7	6	91/4	91/4	0.375		5/8	5/8	Chord	4/4	1	1	3/32	1/16	3/2	113							
7	6	185/8	185/8	0.125		23/32	23/32	Chord	4/4	1	1	1/32	1/32	1	114							
7	6	93/4	93/4	0.375		3/4	3/4	Chord	4/4	1	1	3/32	1/16	3/2	115							
7	6	189/8	189/8	0.125		27/32	27/32	Chord	4/4	1	1	1/32	1/32	1	116							3
7	6	95/4	95/4	0.125		7/8	7/8	Chord	4/4	1	1	1/32	1/32	1	117							3
7	6	191/8	191/8	0.125		29/32	29/32	Chord	4/4	1	1	1/32	1/32	1	118							3
7	6	24	24	0.25		15/16	15/16	Chord	4/4	1	1	1/16	1/16	1	119							
8	7	97/4	97/4	0.375		0	0	Chord	4/4	1	1	3/32	1/16	3/2	120							
8	7	197/8	197/8	0.125		3/32	3/32	Chord	4/4	1	1	1/32	1/32	1	121							
8	7	99/4	99/4	0.375		1/8	1/8	Chord	4/4	1	1	3/32	1/16	3/2	122							
8	7	201/8	201/8	0.125		7/32	7/32	Chord	4/4	1	1	1/32	1/32	1	123							
8	7	101/4	101/4	0.16666666666666666		1/4	1/4	Chord	4/4	1	1	1/24	1/16	2/3	124							4
8	7	305/12	305/12	0.16666666666666666		7/24	7/24	Chord	4/4	1	1	1/24	1/16	2/3	125							4
8	7	307/12	307/12	0.16666666666666666		1/3	1/3	Chord	4/4	1	1	1/24	1/16	2/3	126							
8	7	103/4	103/4	0.16666666666666666		3/8	3/8	Chord	4/4	1	1	1/24	1/16	2/3	127							5
8	7	311/12	311/12	0.16666666666666666		5/12	5/12	Chord	4/4	1	1	1/24	1/16	2/3	128							5
8	7	313/12	313/12	0.16666666666666666		11/24	11/24	Chord	4/4	1	1	1/24	1/16	2/3	129							
8	7	105/4	105/4	0.375		1/2	1/2	Chord	4/4	1	1	3/32	1/16	3/2	130							
8	7	213/8	213/8	0.0625		19/32	19/32	Chord	4/4	1	1	1/64	1/64	1	131							
8	7	427/16	427/16	0.0625		39/64	39/64	Chord	4/4	1	1	1/64	1/64	1	132							
8	7	107/4	107/4	0.375		5/8	5/8	Chord	4/4	1	1	3/32	1/16	3/2	133							
8	7	217/8	217/8	0.125		23/32	23/32	Chord	4/4	1	1	1/32	1/32	1	134							
8	7	109/4	109/4	0.5		3/4	3/4	Chord	4/4	1	1	1/8	1/8	1	135							6
8	7	111/4	111/4	0.125		7/8	7/8	Chord	4/4	1	1	1/32	1/32	1	136	ornamentTrill						
8	7	223/8	223/8	0.125		29/32	29/32	Chord	4/4	1	1	1/32	1/32	1	137							
8	7	28	28	0.25		15/16	15/16	Chord	4/4	1	1	1/16	1/16	1	138							
8	7	105/4	105/4	0.375		1/2	1/2	Chord	4/4	1	2	3/32	1/16	3/2	139							
8	7	109/4	109/4	0.5		3/4	3/4	Chord	4/4	1	2	1/8	1/8	1	140							
8	7	105/4	105/4	0.375		1/2	1/2	Chord	4/4	1	3	3/32	1/16	3/2	141							
8	7	105/4	105/4	0.375		1/2	1/2	Chord	4/4	1	4	3/32	1/16	3/2	142							
8	7	109/4	109/4	0.5		3/4	3/4	Chord	4/4	1	4	1/8	1/8	1	143							
9	8	113/4	113/4	0.75		0	0	Chord	4/4	1	1	3/16	1/8	3/2	144							
9	8	29	29	0.125		3/16	3/16	Chord	4/4	1	1	1/32	1/32	1	145							
9	8	233/8	233/8	0.125		7/32	7/32	Chord	4/4	1	1	1/32	1/32	1	146							
9	8	117/4	117/4	0.16666666666666666		1/4	1/4	Chord	4/4	1	1	1/24	1/16	2/3	147							7
9	8	353/12	353/12	0.16666666666666666		7/24	7/24	Chord	4/4	1	1	1/24	1/16	2/3	148							7
9	8	355/12	355/12	0.16666666666666666		1/3	1/3	Chord	4/4	1	1	1/24	1/16	2/3	149							
9	8	119/4	119/4	0.16666666666666666		3/8	3/8	Chord	4/4	1	1	1/24	1/16	2/3	150							8
9	8	359/12	359/12	0.16666666666666666		5/12	5/12	Chord	4/4	1	1	1/24	1/16	2/3	151							8
9	8	361/12	361/12	0.16666666666666666		11/24	11/24	Chord	4/4	1	1	1/24	1/16	2/3	152							
9	8	121/4	121/4	0.16666666666666666		1/2	1/2	Chord	4/4	1	1	1/24	1/16	2/3	153							9
9	8	365/12	365/12	0.16666666666666666		13/24	13/24	Chord	4/4	1	1	1/24	1/16	2/3	154							9
9	8	367/12	367/12	0.16666666666666666		7/12	7/12	Chord	4/4	1	1	1/24	1/16	2/3	155							
9	8	123/4	123/4	0.16666666666666666		5/8	5/8	Chord	4/4	1	1	1/24	1/16	2/3	156							10
9	8	371/12	371/12	0.16666666666666666		2/3	2/3	Chord	4/4	1	1	1/24	1/16	2/3	157							10
9	8	373/12	373/12	0.16666666666666666		17/24	17/24	Chord	4/4	1	1	1/24	1/16	2/3	158							
9	8	125/4	125/4	0.375		3/4	3/4	Chord	4/4	1	1	3/32	1/16	3/2	159							
9	8	253/8	253/8	0.125		27/32	27/32	Chord	4/4	1	1	1/32	1/32	1	160							
9	8	127/4	127/4	0.375		7/8	7/8	Chord	4/4	1	1	3/32	1/16	3/2	161							
9	8	257/8	257/8	0.125		31/32	31/32	Chord	4/4	1	1	1/32	1/32	1	162							
9	8	113/4	113/4	0.75		0	0	Chord	4/4	1	2	3/16	1/8	3/2	163							
10	9	129/4	129/4	0.16666666666666666		0	0	Chord	4/4	1	1	1/24	1/16	2/3	164							11
10	9	389/12	389/12	0.16666666666666666		1/24	1/24	Chord	4/4	1	1	1/24	1/16	2/3	165							11
10	9	391/12	391/12	0.16666666666666666		1/12	1/12	Chord	4/4	1	1	1/24	1/16	2/3	166							
10	9	131/4	131/4	0.16666666666666666		1/8	1/8	Chord	4/4	1	1	1/24	1/16	2/3	167							12
10	9	395/12	395/12	0.16666666666666666		1/6	1/6	Chord	4/4	1	1	1/24	1/16	2/3	168							12
10	9	397/12	397/12	0.16666666666666666		5/24	5/24	Chord	4/4	1	1	1/24	1/16	2/3	169							
10	9	133/4	133/4	0.16666666666666666		1/4	1/4	Chord	4/4	1	1	1/24	1/16	2/3	170							13
10	9	401/12	401/12	0.16666666666666666		7/24	7/24	Chord	4/4	1	1	1/24	1/16	2/3	171							13
10	9	403/12	403/12	0.16666666666666666		1/3	1/3	Chord	4/4	1	1	1/24	1/16	2/3	172							
10	9	135/4	135/4	0.375		3/8	3/8	Chord	4/4	1	1	3/32	1/16	3/2	173							
10	9	273/8	273/8	0.125		15/32	15/32	Chord	4/4	1	1	1/32	1/32	1	174							
10	9	137/4	137/4	0.75		1/2	1/2	Chord	4/4	1	1	3/16	1/8	3/2	175							14
10	9	35	35	0.125		11/16	11/16	Chord	4/4	1	1	1/32	1/32	1	176							14
10	9	281/8	281/8	0.125		23/32	23/32	Chord	4/4	1	1	1/32	1/32	1	177							
10	9	141/4	141/4	0.375		3/4	3/4	Chord	4/4	1	1	3/32	1/16	3/2	178							
10	9	285/8	285/8	0.125		27/32	27/32	Chord	4/4	1	1	1/32	1/32	1	179							
10	9	143/4	143/4	0.375		7/8	7/8	Chord	4/4	1	1	3/32	1/16	3/2	180							
10	9	289/8	289/8	0.125		31/32	31/32	Chord	4/4	1	1	1/32	1/32	1	181							
10	9	137/4	137/4	0.75		1/2	1/2	Chord	4/4	1	2	3/16	1/8	3/2	182							
10	9	143/4	143/4	0.375		7/8	7/8	Chord	4/4	1	2	3/32	1/16	3/2	183							
10	9	137/4	137/4	0.75		1/2	1/2	Chord	4/4	1	3	3/16	1/8	3/2	184							
10	9	143/4	143/4	0.375		7/8	7/8	Chord	4/4	1	3	3/32	1/16	3/2	185							
11	10	145/4	145/4	0.375		0	0	Chord	4/4	1	1	3/32	1/16	3/2	186							
11	10	293/8	293/8	0.0625		3/32	3/32	Chord	4/4	1	1	1/64	1/64	1	187							
11	10	587/16	587/16	0.0625		7/64	7/64	Chord	4/4	1	1	1/64	1/64	1	188							
11	10	147/4	147/4	0.375		1/8	1/8	Chord	4/4	1	1	3/32	1/16	3/2	189							
11	10	297/8	297/8	0.125		7/32	7/32	Chord	4/4	1	1	1/32	1/32	1	190							
11	10	149/4	149/4	0.375		1/4	1/4	Chord	4/4	1	1	3/32	1/16	3/2	191							
11	10	301/8	301/8	0.125		11/32	11/32	Chord	4/4	1	1	1/32	1/32	1	192							
11	10	151/4	151/4	0.375		3/8	3/8	Chord	4/4	1	1	3/32	1/16	3/2	193							
11	10	305/8	305/8	0.125		15/32	15/32	Chord	4/4	1	1	1/32	1/32	1	194							
11	10	153/4	153/4	0.375		1/2	1/2	Chord	4/4	1	1	3/32	1/16	3/2	195							
11	10	309/8	309/8	0.125		19/32	19/32	Chord	4/4	1	1	1/32	1/32	1	196							
11	10	155/4	155/4	0.375		5/8	5/8	Chord	4/4	1	1	3/32	1/16	3/2	197							
11	10	313/8	313/8	0.125		23/32	23/32	Chord	4/4	1	1	1/32	1/32	1	198							
11	10	157/4	157/4	0.16666666666666666		3/4	3/4	Chord	4/4	1	1	1/24	1/16	2/3	199							15
11	10	473/12	473/12	0.16666666666666666		19/24	19/24	Chord	4/4	1	1	1/24	1/16	2/3	200							15
11	10	475/12	475/12	0.16666666666666666		5/6	5/6	Chord	4/4	1	1	1/24	1/16	2/3	201							
11	10	159/4	159/4	0.16666666666666666		7/8	7/8	Chord	4/4	1	1	1/24	1/16	2/3	202							16
11	10	479/12	479/12	0.16666666666666666		11/12	11/12	Chord	4/4	1	1	1/24	1/16	2/3	203							16
11	10	481/12	481/12	0.16666666666666666		23/24	23/24	Chord	4/4	1	1	1/24	1/16	2/3	204							
11	10	145/4	145/4	0.375		0	0	Chord	4/4	1	2	3/32	1/16	3/2	205							
11	10	145/4	145/4	0.375		0	0	Chord	4/4	1	3	3/32	1/16	3/2	206							
11	10	145/4	145/4	0.375		0	0	Chord	4/4	1	4	3/32	1/16	3/2	207							
12	11	161/4	161/4	0.375		0	0	Chord	4/4	1	1	3/32	1/16	3/2	208							
12	11	325/8	325/8	0.125		3/32	3/32	Chord	4/4	1	1	1/32	1/32	1	209							
12	11	163/4	163/4	0.375		1/8	1/8	Chord	4/4	1	1	3/32	1/16	3/2	210							
12	11	329/8	329/8	0.125		7/32	7/32	Chord	4/4	1	1	1/32	1/32	1	211							
12	11	165/4	165/4	0.375		1/4	1/4	Chord	4/4	1	1	3/32	1/16	3/2	212							
12	11	333/8	333/8	0.125		11/32	11/32	Chord	4/4	1	1	1/32	1/32	1	213							
12	11	167/4	167/4	0.375		3/8	3/8	Chord	4/4	1	1	3/32	1/16	3/2	214							
12	11	337/8	337/8	0.125		15/32	15/32	Chord	4/4	1	1	1/32	1/32	1	215							
12	11	169/4	169/4	0.25		1/2	1/2	Chord	4/4	1	1	1/16	1/16	1	216							
12	11	85/2	85/2	0.0625		9/16	9/16	Chord	4/4	1	1	1/64	1/64	1	217							
12	11	681/16	681/16	0.0625		37/64	37/64	Chord	4/4	1	1	1/64	1/64	1	218							
12	11	341/8	341/8	0.0625		19/32	19/32	Chord	4/4	1	1	1/64	1/64	1	219							
12	11	683/16	683/16	0.0625		39/64	39/64	Chord	4/4	1	1	1/64	1/64	1	220							
12	11	171/4	171/4	0.375		5/8	5/8	Chord	4/4	1	1	3/32	1/16	3/2	221							
12	11	345/8	345/8	0.125		23/32	23/32	Chord	4/4	1	1	1/32	1/32	1	222							
12	11	173/4	173/4	0.75		3/4	3/4	Chord	4/4	1	1	3/16	1/8	3/2	223							
12	11	44	44	0.25		15/16	15/16	Chord	4/4	1	1	1/16	1/16	1	224							
12	11	169/4	169/4	0.5		1/2	1/2	Chord	4/4	1	2	1/8	1/8	1	225							
12	11	171/4	171/4	0.375		5/8	5/8	Chord	4/4	1	2	3/32	1/16	3/2	226							
12	11	345/8	345/8	0.125		23/32	23/32	Chord	4/4	1	2	1/32	1/32	1	227							
12	11	173/4	173/4	1.0		3/4	3/4	Chord	4/4	1	2	1/4	1/4	1	228							
13	12		177/4	0.75	1	0	0	Chord	4/4	1	1	3/16	1/8	3/2	229							
13	12		45	0.125	1	3/16	3/16	Chord	4/4	1	1	1/32	1/32	1	230							
13	12		361/8	0.125	1	7/32	7/32	Chord	4/4	1	1	1/32	1/32	1	231							
13	12		181/4	0.16666666666666666	1	1/4	1/4	Chord	4/4	1	1	1/24	1/16	2/3	232							17
13	12		545/12	0.16666666666666666	1	7/24	7/24	Chord	4/4	1	1	1/24	1/16	2/3	233							17
13	12		547/12	0.16666666666666666	1	1/3	1/3	Chord	4/4	1	1	1/24	1/16	2/3	234							
13	12		183/4	0.16666666666666666	1	3/8	3/8	Chord	4/4	1	1	1/24	1/16	2/3	235							18
13	12		551/12	0.16666666666666666	1	5/12	5/12	Chord	4/4	1	1	1/24	1/16	2/3	236							18
13	12		553/12	0.16666666666666666	1	11/24	11/24	Chord	4/4	1	1	1/24	1/16	2/3	237							
13	12		185/4	0.16666666666666666	1	1/2	1/2	Chord	4/4	1	1	1/24	1/16	2/3	238							19
13	12		557/12	0.16666666666666666	1	13/24	13/24	Chord	4/4	1	1	1/24	1/16	2/3	239							19
13	12		559/12	0.16666666666666666	1	7/12	7/12	Chord	4/4	1	1	1/24	1/16	2/3	240							
13	12		187/4	0.5	1	5/8	5/8	Chord	4/4	1	1	1/8	1/8	1	241							
13	12		189/4	0.375	1	3/4	3/4	Chord	4/4	1	1	3/32	1/16	3/2	242							
13	12		381/8	0.125	1	27/32	27/32	Chord	4/4	1	1	1/32	1/32	1	243							
13	12		191/4	0.375	1	7/8	7/8	Chord	4/4	1	1	3/32	1/16	3/2	244							
13	12		385/8	0.125	1	31/32	31/32	Chord	4/4	1	1	1/32	1/32	1	245							
13	12		177/4	0.75	1	0	0	Chord	4/4	1	2	3/16	1/8	3/2	246							
13	12		177/4	0.75	1	0	0	Chord	4/4	1	3	3/16	1/8	3/2	247							
14	12	177/4	193/4	0.75	2	0	0	Chord	4/4	1	1	3/16	1/8	3/2	248							
14	12	45	49	0.125	2	3/16	3/16	Chord	4/4	1	1	1/32	1/32	1	249							
14	12	361/8	393/8	0.125	2	7/32	7/32	Chord	4/4	1	1	1/32	1/32	1	250							
14	12	181/4	197/4	0.16666666666666666	2	1/4	1/4	Chord	4/4	1	1	1/24	1/16	2/3	251							20
14	12	545/12	593/12	0.16666666666666666	2	7/24	7/24	Chord	4/4	1	1	1/24	1/16	2/3	252							20
14	12	547/12	595/12	0.16666666666666666	2	1/3	1/3	Chord	4/4	1	1	1/24	1/16	2/3	253							
14	12	183/4	199/4	0.16666666666666666	2	3/8	3/8	Chord	4/4	1	1	1/24	1/16	2/3	254							21
14	12	551/12	599/12	0.16666666666666666	2	5/12	5/12	Chord	4/4	1	1	1/24	1/16	2/3	255							21
14	12	553/12	601/12	0.16666666666666666	2	11/24	11/24	Chord	4/4	1	1	1/24	1/16	2/3	256							
14	12	185/4	201/4	0.16666666666666666	2	1/2	1/2	Chord	4/4	1	1	1/24	1/16	2/3	257							22
14	12	557/12	605/12	0.16666666666666666	2	13/24	13/24	Chord	4/4	1	1	1/24	1/16	2/3	258							22
14	12	559/12	607/12	0.16666666666666666	2	7/12	7/12	Chord	4/4	1	1	1/24	1/16	2/3	259							
14	12	187/4	203/4	0.5	2	5/8	5/8	Chord	4/4	1	1	1/8	1/8	1	260							
14	12	189/4	205/4	0.75	2	3/4	3/4	Chord	4/4	1	1	3/16	1/8	3/2	261							
14	12	48	52	0.25	2	15/16	15/16	Chord	4/4	1	1	1/16	1/16	1	262							
14	12	177/4	193/4	0.75	2	0	0	Chord	4/4	1	2	3/16	1/8	3/2	263							
14	12	177/4	193/4	0.75	2	0	0	Chord	4/4	1	3	3/16	1/8	3/2	264							
15	13	193/4	209/4	0.375		0	0	Chord	4/4	1	1	3/32	1/16	3/2	265							
15	13	389/8	421/8	0.0625		3/32	3/32	Chord	4/4	1	1	1/64	1/64	1	266							
15	13	779/16	843/16	0.0625		7/64	7/64	Chord	4/4	1	1	1/64	1/64	1	267							
15	13	195/4	211/4	0.375		1/8	1/8	Chord	4/4	1	1	3/32	1/16	3/2	268							
15	13	393/8	425/8	0.125		7/32	7/32	Chord	4/4	1	1	1/32	1/32	1	269							
15	13	197/4	213/4	0.375		1/4	1/4	Chord	4/4	1	1	3/32	1/16	3/2	270							
15	13	397/8	429/8	0.125		11/32	11/32	Chord	4/4	1	1	1/32	1/32	1	271							
15	13	199/4	215/4	0.375		3/8	3/8	Chord	4/4	1	1	3/32	1/16	3/2	272	ornamentTrill						
15	13	401/8	433/8	0.0625		15/32	15/32	Chord	4/4	1	1	1/64	1/64	1	273							
15	13	803/16	867/16	0.0625		31/64	31/64	Chord	4/4	1	1	1/64	1/64	1	274							
15	13	201/4	217/4	0.16666666666666666		1/2	1/2	Chord	4/4	1	1	1/24	1/16	2/3	275							23
15	13	605/12	653/12	0.16666666666666666		13/24	13/24	Chord	4/4	1	1	1/24	1/16	2/3	276							23
15	13	607/12	655/12	0.16666666666666666		7/12	7/12	Chord	4/4	1	1	1/24	1/16	2/3	277							
15	13	203/4	219/4	0.16666666666666666		5/8	5/8	Chord	4/4	1	1	1/24	1/16	2/3	278							24
15	13	611/12	659/12	0.16666666666666666		2/3	2/3	Chord	4/4	1	1	1/24	1/16	2/3	279							24
15	13	613/12	661/12	0.16666666666666666		17/24	17/24	Chord	4/4	1	1	1/24	1/16	2/3	280							
15	13	205/4	221/4	0.375		3/4	3/4	Chord	4/4	1	1	3/32	1/16	3/2	281							
15	13	413/8	445/8	0.125		27/32	27/32	Chord	4/4	1	1	1/32	1/32	1	282							
15	13	207/4	223/4	0.375		7/8	7/8	Chord	4/4	1	1	3/32	1/16	3/2	283							
15	13	417/8	449/8	0.125		31/32	31/32	Chord	4/4	1	1	1/32	1/32	1	284							
15	13	193/4	209/4	0.75		0	0	Chord	4/4	1	2	3/16	1/8	3/2	285							
16	14	209/4	225/4	0.375		0	0	Chord	4/4	1	1	3/32	1/16	3/2	286							
16	14	421/8	453/8	0.0625		3/32	3/32	Chord	4/4	1	1	1/64	1/64	1	287							25
16	14	843/16	907/16	0.0625		7/64	7/64	Chord	4/4	1	1	1/64	1/64	1	288							25
16	14	211/4	227/4	0.375		1/8	1/8	Chord	4/4	1	1	3/32	1/16	3/2	289							
16	14	425/8	457/8	0.125		7/32	7/32	Chord	4/4	1	1	1/32	1/32	1	290							
16	14	213/4	229/4	0.16666666666666666		1/4	1/4	Chord	4/4	1	1	1/24	1/16	2/3	291							26
16	14	641/12	689/12	0.16666666666666666		7/24	7/24	Chord	4/4	1	1	1/24	1/16	2/3	292							26
16	14	643/12	691/12	0.16666666666666666		1/3	1/3	Chord	4/4	1	1	1/24	1/16	2/3	293							
16	14	215/4	231/4	0.16666666666666666		3/8	3/8	Chord	4/4	1	1	1/24	1/16	2/3	294							27
16	14	647/12	695/12	0.16666666666666666		5/12	5/12	Chord	4/4	1	1	1/24	1/16	2/3	295							27
16	14	649/12	697/12	0.16666666666666666		11/24	11/24	Chord	4/4	1	1	1/24	1/16	2/3	296							
16	14	217/4	233/4	0.75		1/2	1/2	Chord	4/4	1	1	3/16	1/8	3/2	297							
16	14	55	59	0.25		11/16	11/16	Chord	4/4	1	1	1/16	1/16	1	298							
16	14	221/4	237/4	0.375		3/4	3/4	Chord	4/4	1	1	3/32	1/16	3/2	299							
16	14	445/8	477/8	0.125		27/32	27/32	Chord	4/4	1	1	1/32	1/32	1	300							
16	14	223/4	239/4	0.375		7/8	7/8	Chord	4/4	1	1	3/32	1/16	3/2	301							
16	14	449/8	481/8	0.125		31/32	31/32	Chord	4/4	1	1	1/32	1/32	1	302							
16	14	217/4	233/4	0.75		1/2	1/2	Chord	4/4	1	2	3/16	1/8	3/2	303							
17	15	225/4	241/4	0.375		0	0	Chord	4/4	1	1	3/32	1/16	3/2	304							
17	15	453/8	485/8	0.0625		3/32	3/32	Chord	4/4	1	1	1/64	1/64	1	305							
17	15	907/16	971/16	0.0625		7/64	7/64	Chord	4/4	1	1	1/64	1/64	1	306							
17	15	227/4	243/4	0.375		1/8	1/8	Chord	4/4	1	1	3/32	1/16	3/2	307							
17	15	457/8	489/8	0.125		7/32	7/32	Chord	4/4	1	1	1/32	1/32	1	308							
17	15	229/4	245/4	0.16666666666666666		1/4	1/4	Chord	4/4	1	1	1/24	1/16	2/3	309							28
17	15	689/12	737/12	0.16666666666666666		7/24	7/24	Chord	4/4	1	1	1/24	1/16	2/3	310							28
17	15	691/12	739/12	0.16666666666666666		1/3	1/3	Chord	4/4	1	1	1/24	1/16	2/3	311							
17	15	231/4	247/4	0.16666666666666666		3/8	3/8	Chord	4/4	1	1	1/24	1/16	2/3	312							29
17	15	695/12	743/12	0.16666666666666666		5/12	5/12	Chord	4/4	1	1	1/24	1/16	2/3	313							29
17	15	697/12	745/12	0.16666666666666666		11/24	11/24	Chord	4/4	1	1	1/24	1/16	2/3	314							
17	15	233/4	249/4	0.16666666666666666		1/2	1/2	Chord	4/4	1	1	1/24	1/16	2/3	315							30
17	15	701/12	749/12	0.16666666666666666		13/24	13/24	Chord	4/4	1	1	1/24	1/16	2/3	316							30
17	15	703/12	751/12	0.16666666666666666		7/12	7/12	Chord	4/4	1	1	1/24	1/16	2/3	317							
17	15	235/4	251/4	0.16666666666666666		5/8	5/8	Chord	4/4	1	1	1/24	1/16	2/3	318							31
17	15	707/12	755/12	0.16666666666666666		2/3	2/3	Chord	4/4	1	1	1/24	1/16	2/3	319							31
17	15	709/12	757/12	0.16666666666666666		17/24	17/24	Chord	4/4	1	1	1/24	1/16	2/3	320							
17	15	237/4	253/4	0.375		3/4	3/4	Chord	4/4	1	1	3/32	1/16	3/2	321							
17	15	477/8	509/8	0.0625		27/32	27/32	Chord	4/4	1	1	1/64	1/64	1	322							32
17	15	955/16	1019/16	0.0625		55/64	55/64	Chord	4/4	1	1	1/64	1/64	1	323							32
17	15	239/4	255/4	0.125		7/8	7/8	Chord	4/4	1	1	1/32	1/32	1	324							32
17	15	479/8	511/8	0.125		29/32	29/32	Chord	4/4	1	1	1/32	1/32	1	325							32
17	15	60	64	0.25		15/16	15/16	Chord	4/4	1	1	1/16	1/16	1	326							
17	15	225/4	241/4	0.375		0	0	Chord	4/4	1	2	3/32	1/16	3/2	327							
17	15	225/4	241/4	0.375		0	0	Chord	4/4	1	3	3/32	1/16	3/2	328							
17	15	225/4	241/4	0.375		0	0	Chord	4/4	1	4	3/32	1/16	3/2	329							
18	16	241/4	257/4	0.25		0	0	Chord	4/4	1	1	1/16	1/16	1	330							33
18	16	121/2	129/2	0.25		1/16	1/16	Chord	4/4	1	1	1/16	1/16	1	331							33
18	16	243/4	259/4	0.25		1/8	1/8	Chord	4/4	1	1	1/16	1/16	1	332							33
18	16	61	65	0.125		3/16	3/16	Chord	4/4	1	1	1/32	1/32	1	333							33
18	16	489/8	521/8	0.125		7/32	7/32	Chord	4/4	1	1	1/32	1/32	1	334							
18	16	245/4	261/4	0.375		1/4	1/4	Chord	4/4	1	1	3/32	1/16	3/2	335							
18	16	493/8	525/8	0.125		11/32	11/32	Chord	4/4	1	1	1/32	1/32	1	336							
18	16	247/4	263/4	0.375		3/8	3/8	Chord	4/4	1	1	3/32	1/16	3/2	337							
18	16	497/8	529/8	0.125		15/32	15/32	Chord	4/4	1	1	1/32	1/32	1	338							
18	16	249/4	265/4	0.75		1/2	1/2	Chord	4/4	1	1	3/16	1/8	3/2	339							
18	16	253/4	269/4	0.16666666666666666		3/4	3/4	Chord	4/4	1	1	1/24	1/16	2/3	340							34
18	16	761/12	809/12	0.16666666666666666		19/24	19/24	Chord	4/4	1	1	1/24	1/16	2/3	341							34
18	16	763/12	811/12	0.16666666666666666		5/6	5/6	Chord	4/4	1	1	1/24	1/16	2/3	342							
18	16	255/4	271/4	0.16666666666666666		7/8	7/8	Chord	4/4	1	1	1/24	1/16	2/3	343							35
18	16	767/12	815/12	0.16666666666666666		11/12	11/12	Chord	4/4	1	1	1/24	1/16	2/3	344							35
18	16	769/12	817/12	0.16666666666666666		23/24	23/24	Chord	4/4	1	1	1/24	1/16	2/3	345							
18	16	249/4	265/4	0.75		1/2	1/2	Chord	4/4	1	2	3/16	1/8	3/2	346							
18	16	63	67	0.25		11/16	11/16	Chord	4/4	1	2	1/16	1/16	1	347							
19	17	257/4	273/4	0.375		0	0	Chord	4/4	1	1	3/32	1/16	3/2	348							
19	17	517/8	549/8	0.0625		3/32	3/32	Chord	4/4	1	1	1/64	1/64	1	349							
19	17	1035/16	1099/16	0.0625		7/64	7/64	Chord	4/4	1	1	1/64	1/64	1	350							
19	17	259/4	275/4	0.375		1/8	1/8	Chord	4/4	1	1	3/32	1/16	3/2	351							
19	17	521/8	553/8	0.125		7/32	7/32	Chord	4/4	1	1	1/32	1/32	1	352							
19	17	261/4	277/4	0.375		1/4	1/4	Chord	4/4	1	1	3/32	1/16	3/2	353	ornamentTrill						
19	17	525/8	557/8	0.125		11/32	11/32	Chord	4/4	1	1	1/32	1/32	1	354							36
19	17	263/4	279/4	0.125		3/8	3/8	Chord	4/4	1	1	1/32	1/32	1	355							36
19	17	527/8	559/8	0.125		13/32	13/32	Chord	4/4	1	1	1/32	1/32	1	356							36
19	17	66	70	0.25		7/16	7/16	Chord	4/4	1	1	1/16	1/16	1	357							
19	17	265/4	281/4	0.16666666666666666		1/2	1/2	Chord	4/4	1	1	1/24	1/16	2/3	358							37
19	17	797/12	845/12	0.16666666666666666		13/24	13/24	Chord	4/4	1	1	1/24	1/16	2/3	359							37
19	17	799/12	847/12	0.16666666666666666		7/12	7/12	Chord	4/4	1	1	1/24	1/16	2/3	360							
19	17	267/4	283/4	0.16666666666666666		5/8	5/8	Chord	4/4	1	1	1/24	1/16	2/3	361							38
19	17	803/12	851/12	0.16666666666666666		2/3	2/3	Chord	4/4	1	1	1/24	1/16	2/3	362							38
19	17	805/12	853/12	0.16666666666666666		17/24	17/24	Chord	4/4	1	1	1/24	1/16	2/3	363							
19	17	269/4	285/4	0.16666666666666666		3/4	3/4	Chord	4/4	1	1	1/24	1/16	2/3	364							39
19	17	809/12	857/12	0.16666666666666666		19/24	19/24	Chord	4/4	1	1	1/24	1/16	2/3	365							39
19	17	811/12	859/12	0.16666666666666666		5/6	5/6	Chord	4/4	1	1	1/24	1/16	2/3	366							
19	17	271/4	287/4	0.16666666666666666		7/8	7/8	Chord	4/4	1	1	1/24	1/16	2/3	367							40
19	17	815/12	863/12	0.16666666666666666		11/12	11/12	Chord	4/4	1	1	1/24	1/16	2/3	368							40
19	17	817/12	865/12	0.16666666666666666		23/24	23/24	Chord	4/4	1	1	1/24	1/16	2/3	369							
19	17	257/4	273/4	0.375		0	0	Chord	4/4	1	2	3/32	1/16	3/2	370							
20	18	273/4	289/4	0.25		0	0	Chord	4/4	1	1	1/16	1/16	1	371							
20	18	137/2	145/2	0.0625		1/16	1/16	Chord	4/4	1	1	1/64	1/64	1	372							
20	18	1097/16	1161/16	0.0625		5/64	5/64	Chord	4/4	1	1	1/64	1/64	1	373							
20	18	549/8	581/8	0.0625		3/32	3/32	Chord	4/4	1	1	1/64	1/64	1	374							
20	18	1099/16	1163/16	0.0625		7/64	7/64	Chord	4/4	1	1	1/64	1/64	1	375							
20	18	275/4	291/4	0.375		1/8	1/8	Chord	4/4	1	1	3/32	1/16	3/2	376							
20	18	553/8	585/8	0.125		7/32	7/32	Chord	4/4	1	1	1/32	1/32	1	377							
20	18	277/4	293/4	0.75		1/4	1/4	Chord	4/4	1	1	3/16	1/8	3/2	378	ornamentTrill						41
20	18	70	74	0.125		7/16	7/16	Chord	4/4	1	1	1/32	1/32	1	379							41
20	18	561/8	593/8	0.125		15/32	15/32	Chord	4/4	1	1	1/32	1/32	1	380							
20	18	281/4	297/4	0.16666666666666666		1/2	1/2	Chord	4/4	1	1	1/24	1/16	2/3	381							42
20	18	845/12	893/12	0.16666666666666666		13/24	13/24	Chord	4/4	1	1	1/24	1/16	2/3	382							42
20	18	847/12	895/12	0.16666666666666666		7/12	7/12	Chord	4/4	1	1	1/24	1/16	2/3	383							
20	18	283/4	299/4	0.16666666666666666		5/8	5/8	Chord	4/4	1	1	1/24	1/16	2/3	384							43
20	18	851/12	899/12	0.16666666666666666		2/3	2/3	Chord	4/4	1	1	1/24	1/16	2/3	385							43
20	18	853/12	901/12	0.16666666666666666		17/24	17/24	Chord	4/4	1	1	1/24	1/16	2/3	386							
20	18	285/4	301/4	0.5		3/4	3/4	Chord	4/4	1	1	1/8	1/8	1	387							44
20	18	287/4	303/4	0.375		7/8	7/8	Chord	4/4	1	1	3/32	1/16	3/2	388	ornamentTrill						
20	18	577/8	609/8	0.125		31/32	31/32	Chord	4/4	1	1	1/32	1/32	1	389							
20	18	273/4	289/4	0.375		0	0	Chord	4/4	1	2	3/32	1/16	3/2	390							
20	18	281/4	297/4	0.25		1/2	1/2	Chord	4/4	1	2	1/16	1/16	1	391							
20	18	285/4	301/4	0.5		3/4	3/4	Chord	4/4	1	2	1/8	1/8	1	392							
20	18	273/4	289/4	0.375		0	0	Chord	4/4	1	3	3/32	1/16	3/2	393							
20	18	281/4	297/4	0.25		1/2	1/2	Chord	4/4	1	3	1/16	1/16	1	394							
20	18	285/4	301/4	0.5		3/4	3/4	Chord	4/4	1	3	1/8	1/8	1	395							
20	18	273/4	289/4	0.375		0	0	Chord	4/4	1	4	3/32	1/16	3/2	396							
21	19	289/4	305/4	0.75		0	0	Chord	4/4	1	1	3/16	1/8	3/2	397							
21	19	293/4	309/4	0.16666666666666666		1/4	1/4	Chord	4/4	1	1	1/24	1/16	2/3	398							45
21	19	881/12	929/12	0.16666666666666666		7/24	7/24	Chord	4/4	1	1	1/24	1/16	2/3	399							45
21	19	883/12	931/12	0.16666666666666666		1/3	1/3	Chord	4/4	1	1	1/24	1/16	2/3	400							
21	19	295/4	311/4	0.16666666666666666		3/8	3/8	Chord	4/4	1	1	1/24	1/16	2/3	401							46
21	19	887/12	935/12	0.16666666666666666		5/12	5/12	Chord	4/4	1	1	1/24	1/16	2/3	402							46
21	19	889/12	937/12	0.16666666666666666		11/24	11/24	Chord	4/4	1	1	1/24	1/16	2/3	403							
21	19	297/4	313/4	0.375		1/2	1/2	Chord	4/4	1	1	3/32	1/16	3/2	404							
21	19	597/8	629/8	0.125		19/32	19/32	Chord	4/4	1	1	1/32	1/32	1	405							
21	19	299/4	315/4	0.375		5/8	5/8	Chord	4/4	1	1	3/32	1/16	3/2	406							
21	19	601/8	633/8	0.125		23/32	23/32	Chord	4/4	1	1	1/32	1/32	1	407							
21	19	301/4	317/4	0.375		3/4	3/4	Chord	4/4	1	1	3/32	1/16	3/2	408							
21	19	605/8	637/8	0.125		27/32	27/32	Chord	4/4	1	1	1/32	1/32	1	409							
21	19	303/4	319/4	0.375		7/8	7/8	Chord	4/4	1	1	3/32	1/16	3/2	410							
21	19	609/8	641/8	0.125		31/32	31/32	Chord	4/4	1	1	1/32	1/32	1	411							
21	19	289/4	305/4	0.75		0	0	Chord	4/4	1	2	3/16	1/8	3/2	412							
21	19	73	77	0.25		3/16	3/16	Chord	4/4	1	2	1/16	1/16	1	413							
22	20	305/4	321/4	0.16666666666666666		0	0	Chord	4/4	1	1	1/24	1/16	2/3	414							47
22	20	917/12	965/12	0.16666666666666666		1/24	1/24	Chord	4/4	1	1	1/24	1/16	2/3	415							47
22	20	919/12	967/12	0.16666666666666666		1/12	1/12	Chord	4/4	1	1	1/24	1/16	2/3	416							
22	20	307/4	323/4	0.16666666666666666		1/8	1/8	Chord	4/4	1	1	1/24	1/16	2/3	417							48
22	20	923/12	971/12	0.16666666666666666		1/6	1/6	Chord	4/4	1	1	1/24	1/16	2/3	418							48
22	20	925/12	973/12	0.16666666666666666		5/24	5/24	Chord	4/4	1	1	1/24	1/16	2/3	419							
22	20	309/4	325/4	0.16666666666666666		1/4	1/4	Chord	4/4	1	1	1/24	1/16	2/3	420							49
22	20	929/12	977/12	0.16666666666666666		7/24	7/24	Chord	4/4	1	1	1/24	1/16	2/3	421							49
22	20	931/12	979/12	0.16666666666666666		1/3	1/3	Chord	4/4	1	1	1/24	1/16	2/3	422							
22	20	311/4	327/4	0.16666666666666666		3/8	3/8	Chord	4/4	1	1	1/24	1/16	2/3	423							50
22	20	935/12	983/12	0.16666666666666666		5/12	5/12	Chord	4/4	1	1	1/24	1/16	2/3	424							50
22	20	937/12	985/12	0.16666666666666666		11/24	11/24	Chord	4/4	1	1	1/24	1/16	2/3	425							
22	20	313/4	329/4	0.16666666666666666		1/2	1/2	Chord	4/4	1	1	1/24	1/16	2/3	426							51
22	20	941/12	989/12	0.16666666666666666		13/24	13/24	Chord	4/4	1	1	1/24	1/16	2/3	427							51
22	20	943/12	991/12	0.16666666666666666		7/12	7/12	Chord	4/4	1	1	1/24	1/16	2/3	428							
22	20	315/4	331/4	0.16666666666666666		5/8	5/8	Chord	4/4	1	1	1/24	1/16	2/3	429							52
22	20	947/12	995/12	0.16666666666666666		2/3	2/3	Chord	4/4	1	1	1/24	1/16	2/3	430							52
22	20	949/12	997/12	0.16666666666666666		17/24	17/24	Chord	4/4	1	1	1/24	1/16	2/3	431							
22	20	317/4	333/4	0.375		3/4	3/4	Chord	4/4	1	1	3/32	1/16	3/2	432							
22	20	637/8	669/8	0.125		27/32	27/32	Chord	4/4	1	1	1/32	1/32	1	433							
22	20	319/4	335/4	0.375		7/8	7/8	Chord	4/4	1	1	3/32	1/16	3/2	434							
22	20	641/8	673/8	0.125		31/32	31/32	Chord	4/4	1	1	1/32	1/32	1	435							
23	21	321/4	337/4	0.25		0	0	Chord	4/4	1	1	1/16	1/16	1	436							
23	21	161/2	169/2	0.0625		1/16	1/16	Chord	4/4	1	1	1/64	1/64	1	437							
23	21	1289/16	1353/16	0.0625		5/64	5/64	Chord	4/4	1	1	1/64	1/64	1	438							
23	21	645/8	677/8	0.0625		3/32	3/32	Chord	4/4	1	1	1/64	1/64	1	439							
23	21	1291/16	1355/16	0.0625		7/64	7/64	Chord	4/4	1	1	1/64	1/64	1	440							
23	21	323/4	339/4	0.375		1/8	1/8	Chord	4/4	1	1	3/32	1/16	3/2	441							
23	21	649/8	681/8	0.125		7/32	7/32	Chord	4/4	1	1	1/32	1/32	1	442							
23	21	325/4	341/4	0.16666666666666666		1/4	1/4	Chord	4/4	1	1	1/24	1/16	2/3	443							
23	21	977/12	1025/12	0.16666666666666666		7/24	7/24	Chord	4/4	1	1	1/24	1/16	2/3	444							53
23	21	979/12	1027/12	0.16666666666666666		1/3	1/3	Chord	4/4	1	1	1/24	1/16	2/3	445							53
23	21	327/4	343/4	0.16666666666666666		3/8	3/8	Chord	4/4	1	1	1/24	1/16	2/3	446							53
23	21	983/12	1031/12	0.16666666666666666		5/12	5/12	Chord	4/4	1	1	1/24	1/16	2/3	447							53
23	21	985/12	1033/12	0.16666666666666666		11/24	11/24	Chord	4/4	1	1	1/24	1/16	2/3	448							
23	21	329/4	345/4	0.375		1/2	1/2	Chord	4/4	1	1	3/32	1/16	3/2	449							
23	21	661/8	693/8	0.0625		19/32	19/32	Chord	4/4	1	1	1/64	1/64	1	450							54
23	21	1323/16	1387/16	0.0625		39/64	39/64	Chord	4/4	1	1	1/64	1/64	1	451							54
23	21	331/4	347/4	0.16666666666666666		5/8	5/8	Chord	4/4	1	1	1/24	1/16	2/3	452							54
23	21	995/12	1043/12	0.16666666666666666		2/3	2/3	Chord	4/4	1	1	1/24	1/16	2/3	453							54
23	21	997/12	1045/12	0.16666666666666666		17/24	17/24	Chord	4/4	1	1	1/24	1/16	2/3	454							
23	21	333/4	349/4	0.16666666666666666		3/4	3/4	Chord	4/4	1	1	1/24	1/16	2/3	455							55
23	21	1001/12	1049/12	0.16666666666666666		19/24	19/24	Chord	4/4	1	1	1/24	1/16	2/3	456							55
23	21	1003/12	1051/12	0.16666666666666666		5/6	5/6	Chord	4/4	1	1	1/24	1/16	2/3	457							
23	21	335/4	351/4	0.375		7/8	7/8	Chord	4/4	1	1	3/32	1/16	3/2	458							
23	21	673/8	705/8	0.125		31/32	31/32	Chord	4/4	1	1	1/32	1/32	1	459							
23	21	329/4	345/4	0.75		1/2	1/2	Chord	4/4	1	2	3/16	1/8	3/2	460							
23	21	329/4	345/4	0.75		1/2	1/2	Chord	4/4	1	3	3/16	1/8	3/2	461							
24	22	337/4	353/4	0.16666666666666666		0	0	Chord	4/4	1	1	1/24	1/16	2/3	462							56
24	22	1013/12	1061/12	0.16666666666666666		1/24	1/24	Chord	4/4	1	1	1/24	1/16	2/3	463							56
24	22	1015/12	1063/12	0.16666666666666666		1/12	1/12	Chord	4/4	1	1	1/24	1/16	2/3	464							
24	22	339/4	355/4	0.16666666666666666		1/8	1/8	Chord	4/4	1	1	1/24	1/16	2/3	465							57
24	22	1019/12	1067/12	0.16666666666666666		1/6	1/6	Chord	4/4	1	1	1/24	1/16	2/3	466							57
24	22	1021/12	1069/12	0.16666666666666666		5/24	5/24	Chord	4/4	1	1	1/24	1/16	2/3	467							
24	22	341/4	357/4	0.16666666666666666		1/4	1/4	Chord	4/4	1	1	1/24	1/16	2/3	468							58
24	22	1025/12	1073/12	0.16666666666666666		7/24	7/24	Chord	4/4	1	1	1/24	1/16	2/3	469							58
24	22	1027/12	1075/12	0.16666666666666666		1/3	1/3	Chord	4/4	1	1	1/24	1/16	2/3	470							
24	22	343/4	359/4	0.16666666666666666		3/8	3/8	Chord	4/4	1	1	1/24	1/16	2/3	471							59
24	22	1031/12	1079/12	0.16666666666666666		5/12	5/12	Chord	4/4	1	1	1/24	1/16	2/3	472							59
24	22	1033/12	1081/12	0.16666666666666666		11/24	11/24	Chord	4/4	1	1	1/24	1/16	2/3	473							
24	22	345/4	361/4	0.375		1/2	1/2	Chord	4/4	1	1	3/32	1/16	3/2	474							
24	22	693/8	725/8	0.125		19/32	19/32	Chord	4/4	1	1	1/32	1/32	1	475							
24	22	347/4	363/4	0.375		5/8	5/8	Chord	4/4	1	1	3/32	1/16	3/2	476							
24	22	697/8	729/8	0.125		23/32	23/32	Chord	4/4	1	1	1/32	1/32	1	477							
24	22	349/4	365/4	0.16666666666666666		3/4	3/4	Chord	4/4	1	1	1/24	1/16	2/3	478							60
24	22	1049/12	1097/12	0.16666666666666666		19/24	19/24	Chord	4/4	1	1	1/24	1/16	2/3	479							60
24	22	1051/12	1099/12	0.16666666666666666		5/6	5/6	Chord	4/4	1	1	1/24	1/16	2/3	480							
24	22	351/4	367/4	0.16666666666666666		7/8	7/8	Chord	4/4	1	1	1/24	1/16	2/3	481							61
24	22	1055/12	1103/12	0.16666666666666666		11/12	11/12	Chord	4/4	1	1	1/24	1/16	2/3	482							61
24	22	1057/12	1105/12	0.16666666666666666		23/24	23/24	Chord	4/4	1	1	1/24	1/16	2/3	483							
24	22	345/4	361/4	0.375		1/2	1/2	Chord	4/4	1	2	3/32	1/16	3/2	484							
24	22	345/4	361/4	0.375		1/2	1/2	Chord	4/4	1	3	3/32	1/16	3/2	485							
25	23	353/4	369/4	0.16666666666666666		0	0	Chord	4/4	1	1	1/24	1/16	2/3	486							62
25	23	1061/12	1109/12	0.16666666666666666		1/24	1/24	Chord	4/4	1	1	1/24	1/16	2/3	487							62
25	23	1063/12	1111/12	0.16666666666666666		1/12	1/12	Chord	4/4	1	1	1/24	1/16	2/3	488							
25	23	355/4	371/4	0.16666666666666666		1/8	1/8	Chord	4/4	1	1	1/24	1/16	2/3	489							63
25	23	1067/12	1115/12	0.16666666666666666		1/6	1/6	Chord	4/4	1	1	1/24	1/16	2/3	490							63
25	23	1069/12	1117/12	0.16666666666666666		5/24	5/24	Chord	4/4	1	1	1/24	1/16	2/3	491							
25	23	357/4	373/4	0.375		1/4	1/4	Chord	4/4	1	1	3/32	1/16	3/2	492							
25	23	717/8	749/8	0.0625		11/32	11/32	Chord	4/4	1	1	1/64	1/64	1	493							
25	23	1435/16	1499/16	0.0625		23/64	23/64	Chord	4/4	1	1	1/64	1/64	1	494							
25	23	359/4	375/4	0.375		3/8	3/8	Chord	4/4	1	1	3/32	1/16	3/2	495							
25	23	721/8	753/8	0.125		15/32	15/32	Chord	4/4	1	1	1/32	1/32	1	496							
25	23	361/4	377/4	0.16666666666666666		1/2	1/2	Chord	4/4	1	1	1/24	1/16	2/3	497							64
25	23	1085/12	1133/12	0.16666666666666666		13/24	13/24	Chord	4/4	1	1	1/24	1/16	2/3	498							64
25	23	1087/12	1135/12	0.16666666666666666		7/12	7/12	Chord	4/4	1	1	1/24	1/16	2/3	499							
25	23	363/4	379/4	0.375		5/8	5/8	Chord	4/4	1	1	3/32	1/16	3/2	500							
25	23	729/8	761/8	0.125		23/32	23/32	Chord	4/4	1	1	1/32	1/32	1	501							
25	23	365/4	381/4	0.5		3/4	3/4	Chord	4/4	1	1	1/8	1/8	1	502							65
25	23	367/4	383/4	0.125		7/8	7/8	Chord	4/4	1	1	1/32	1/32	1	503	ornamentTrill						
25	23	735/8	767/8	0.125		29/32	29/32	Chord	4/4	1	1	1/32	1/32	1	504							
25	23	92	96	0.25		15/16	15/16	Chord	4/4	1	1	1/16	1/16	1	505							
25	23	729/8	761/8	0.125		23/32	23/32	Chord	4/4	1	2	1/32	1/32	1	506							
25	23	365/4	381/4	1.0		3/4	3/4	Chord	4/4	1	2	1/4	1/4	1	507							
26	24		385/4	0.75	1	0	0	Chord	4/4	1	1	3/16	1/8	3/2	508							
26	24		97	0.125	1	3/16	3/16	Chord	4/4	1	1	1/32	1/32	1	509							
26	24		777/8	0.125	1	7/32	7/32	Chord	4/4	1	1	1/32	1/32	1	510							
26	24		389/4	0.16666666666666666	1	1/4	1/4	Chord	4/4	1	1	1/24	1/16	2/3	511							66
26	24		1169/12	0.16666666666666666	1	7/24	7/24	Chord	4/4	1	1	1/24	1/16	2/3	512							66
26	24		1171/12	0.16666666666666666	1	1/3	1/3	Chord	4/4	1	1	1/24	1/16	2/3	513							
26	24		391/4	0.16666666666666666	1	3/8	3/8	Chord	4/4	1	1	1/24	1/16	2/3	514							67
26	24		1175/12	0.16666666666666666	1	5/12	5/12	Chord	4/4	1	1	1/24	1/16	2/3	515							67
26	24		1177/12	0.16666666666666666	1	11/24	11/24	Chord	4/4	1	1	1/24	1/16	2/3	516							
26	24		393/4	1.5	1	1/2	1/2	Chord	4/4	1	1	3/8	1/4	3/2	517							
26	24		100	0.25	1	15/16	15/16	Chord	4/4	1	1	1/16	1/16	1	518							
26	24		385/4	0.75	1	0	0	Chord	4/4	1	2	3/16	1/8	3/2	519							
26	24		393/4	1.5	1	1/2	1/2	Chord	4/4	1	2	3/8	1/4	3/2	520							
26	24		385/4	0.75	1	0	0	Chord	4/4	1	3	3/16	1/8	3/2	521							
26	24		393/4	1.5	1	1/2	1/2	Chord	4/4	1	3	3/8	1/4	3/2	522							
26	24		393/4	1.5	1	1/2	1/2	Chord	4/4	1	4	3/8	1/4	3/2	523							
27	24	369/4	401/4	0.75	2	0	0	Chord	4/4	1	1	3/16	1/8	3/2	524							
27	24	93	101	0.125	2	3/16	3/16	Chord	4/4	1	1	1/32	1/32	1	525							
27	24	745/8	809/8	0.125	2	7/32	7/32	Chord	4/4	1	1	1/32	1/32	1	526							
27	24	373/4	405/4	0.16666666666666666	2	1/4	1/4	Chord	4/4	1	1	1/24	1/16	2/3	527							68
27	24	1121/12	1217/12	0.16666666666666666	2	7/24	7/24	Chord	4/4	1	1	1/24	1/16	2/3	528							68
27	24	1123/12	1219/12	0.16666666666666666	2	1/3	1/3	Chord	4/4	1	1	1/24	1/16	2/3	529							
27	24	375/4	407/4	0.16666666666666666	2	3/8	3/8	Chord	4/4	1	1	1/24	1/16	2/3	530							69
27	24	1127/12	1223/12	0.16666666666666666	2	5/12	5/12	Chord	4/4	1	1	1/24	1/16	2/3	531							69
27	24	1129/12	1225/12	0.16666666666666666	2	11/24	11/24	Chord	4/4	1	1	1/24	1/16	2/3	532							
27	24	377/4	409/4	1.5	2	1/2	1/2	Chord	4/4	1	1	3/8	1/4	3/2	533							
27	24	369/4	401/4	0.75	2	0	0	Chord	4/4	1	2	3/16	1/8	3/2	534							
27	24	377/4	409/4	1.5	2	1/2	1/2	Chord	4/4	1	2	3/8	1/4	3/2	535							
27	24	369/4	401/4	0.75	2	0	0	Chord	4/4	1	3	3/16	1/8	3/2	536							
27	24	377/4	409/4	1.5	2	1/2	1/2	Chord	4/4	1	3	3/8	1/4	3/2	537							
27	24	377/4	409/4	1.5	2	1/2	1/2	Chord	4/4	1	4	3/8	1/4	3/2	538							
