mc	mn	quarterbeats	quarterbeats_all_endings	duration_qb	mc_onset	mn_onset	event	timesig	staff	voice	duration	nominal_duration	scalar	chord_id	staff_text	tempo	qpm	metronome_base	metronome_number	tempo_visible
1	0	0	0	0.0	0	15/16	Tempo	4/4	1	1	0					ùÖü=92	92.0	ùÖü	92.0	0.0
1	0	0	0	0.25	0	15/16	Chord	4/4	1	1	1/16	1/16	1	0						
2	1	1/4	1/4	0.75	0	0	Chord	4/4	1	1	3/16	1/8	3/2	1						
2	1	1	1	0.0	3/16	3/16	StaffText	4/4	1	1	0				ALLEMANDE					
2	1	1	1	0.25	3/16	3/16	Chord	4/4	1	1	1/16	1/16	1	2						
2	1	5/4	5/4	0.25	1/4	1/4	Chord	4/4	1	1	1/16	1/16	1	3						
2	1	3/2	3/2	0.25	5/16	5/16	Chord	4/4	1	1	1/16	1/16	1	4						
2	1	7/4	7/4	0.25	3/8	3/8	Chord	4/4	1	1	1/16	1/16	1	5						
2	1	2	2	0.25	7/16	7/16	Chord	4/4	1	1	1/16	1/16	1	6						
2	1	9/4	9/4	0.25	1/2	1/2	Chord	4/4	1	1	1/16	1/16	1	7						
2	1	5/2	5/2	0.25	9/16	9/16	Chord	4/4	1	1	1/16	1/16	1	8						
2	1	11/4	11/4	0.25	5/8	5/8	Chord	4/4	1	1	1/16	1/16	1	9						
2	1	3	3	0.25	11/16	11/16	Chord	4/4	1	1	1/16	1/16	1	10						
2	1	13/4	13/4	0.75	3/4	3/4	Chord	4/4	1	1	3/16	1/8	3/2	11						
2	1	4	4	0.25	15/16	15/16	Chord	4/4	1	1	1/16	1/16	1	12						
3	2	17/4	17/4	0.0	0	0	StaffText	4/4	1	1	0				Partita II					
3	2	17/4	17/4	0.25	0	0	Chord	4/4	1	1	1/16	1/16	1	13						
3	2	9/2	9/2	0.25	1/16	1/16	Chord	4/4	1	1	1/16	1/16	1	14						
3	2	19/4	19/4	0.25	1/8	1/8	Chord	4/4	1	1	1/16	1/16	1	15						
3	2	5	5	0.25	3/16	3/16	Chord	4/4	1	1	1/16	1/16	1	16						
3	2	21/4	21/4	0.25	1/4	1/4	Chord	4/4	1	1	1/16	1/16	1	17						
3	2	11/2	11/2	0.25	5/16	5/16	Chord	4/4	1	1	1/16	1/16	1	18						
3	2	23/4	23/4	0.25	3/8	3/8	Chord	4/4	1	1	1/16	1/16	1	19						
3	2	6	6	0.25	7/16	7/16	Chord	4/4	1	1	1/16	1/16	1	20						
3	2	25/4	25/4	0.25	1/2	1/2	Chord	4/4	1	1	1/16	1/16	1	21						
3	2	13/2	13/2	0.25	9/16	9/16	Chord	4/4	1	1	1/16	1/16	1	22						
3	2	27/4	27/4	0.25	5/8	5/8	Chord	4/4	1	1	1/16	1/16	1	23						
3	2	7	7	0.25	11/16	11/16	Chord	4/4	1	1	1/16	1/16	1	24						
3	2	29/4	29/4	0.16666666666666666	3/4	3/4	Chord	4/4	1	1	1/24	1/16	2/3	25						
3	2	89/12	89/12	0.16666666666666666	19/24	19/24	Chord	4/4	1	1	1/24	1/16	2/3	26						
3	2	91/12	91/12	0.16666666666666666	5/6	5/6	Chord	4/4	1	1	1/24	1/16	2/3	27						
3	2	31/4	31/4	0.16666666666666666	7/8	7/8	Chord	4/4	1	1	1/24	1/16	2/3	28						
3	2	95/12	95/12	0.16666666666666666	11/12	11/12	Chord	4/4	1	1	1/24	1/16	2/3	29						
3	2	97/12	97/12	0.16666666666666666	23/24	23/24	Chord	4/4	1	1	1/24	1/16	2/3	30						
4	3	33/4	33/4	0.25	0	0	Chord	4/4	1	1	1/16	1/16	1	31						
4	3	17/2	17/2	0.25	1/16	1/16	Chord	4/4	1	1	1/16	1/16	1	32						
4	3	35/4	35/4	0.25	1/8	1/8	Chord	4/4	1	1	1/16	1/16	1	33						
4	3	9	9	0.25	3/16	3/16	Chord	4/4	1	1	1/16	1/16	1	34						
4	3	37/4	37/4	0.16666666666666666	1/4	1/4	Chord	4/4	1	1	1/24	1/16	2/3	35						
4	3	113/12	113/12	0.16666666666666666	7/24	7/24	Chord	4/4	1	1	1/24	1/16	2/3	36						
4	3	115/12	115/12	0.16666666666666666	1/3	1/3	Chord	4/4	1	1	1/24	1/16	2/3	37						
4	3	39/4	39/4	0.16666666666666666	3/8	3/8	Chord	4/4	1	1	1/24	1/16	2/3	38						
4	3	119/12	119/12	0.16666666666666666	5/12	5/12	Chord	4/4	1	1	1/24	1/16	2/3	39						
4	3	121/12	121/12	0.16666666666666666	11/24	11/24	Chord	4/4	1	1	1/24	1/16	2/3	40						
4	3	41/4	41/4	0.25	1/2	1/2	Chord	4/4	1	1	1/16	1/16	1	41						
4	3	21/2	21/2	0.25	9/16	9/16	Chord	4/4	1	1	1/16	1/16	1	42						
4	3	43/4	43/4	0.25	5/8	5/8	Chord	4/4	1	1	1/16	1/16	1	43						
4	3	11	11	0.25	11/16	11/16	Chord	4/4	1	1	1/16	1/16	1	44						
4	3	45/4	45/4	0.16666666666666666	3/4	3/4	Chord	4/4	1	1	1/24	1/16	2/3	45						
4	3	137/12	137/12	0.16666666666666666	19/24	19/24	Chord	4/4	1	1	1/24	1/16	2/3	46						
4	3	139/12	139/12	0.16666666666666666	5/6	5/6	Chord	4/4	1	1	1/24	1/16	2/3	47						
4	3	47/4	47/4	0.16666666666666666	7/8	7/8	Chord	4/4	1	1	1/24	1/16	2/3	48						
4	3	143/12	143/12	0.16666666666666666	11/12	11/12	Chord	4/4	1	1	1/24	1/16	2/3	49						
4	3	145/12	145/12	0.16666666666666666	23/24	23/24	Chord	4/4	1	1	1/24	1/16	2/3	50						
5	4	49/4	49/4	0.25	0	0	Chord	4/4	1	1	1/16	1/16	1	51						
5	4	25/2	25/2	0.25	1/16	1/16	Chord	4/4	1	1	1/16	1/16	1	52						
5	4	51/4	51/4	0.25	1/8	1/8	Chord	4/4	1	1	1/16	1/16	1	53						
5	4	13	13	0.25	3/16	3/16	Chord	4/4	1	1	1/16	1/16	1	54						
5	4	53/4	53/4	0.25	1/4	1/4	Chord	4/4	1	1	1/16	1/16	1	55						
5	4	27/2	27/2	0.25	5/16	5/16	Chord	4/4	1	1	1/16	1/16	1	56						
5	4	55/4	55/4	0.25	3/8	3/8	Chord	4/4	1	1	1/16	1/16	1	57						
5	4	14	14	0.25	7/16	7/16	Chord	4/4	1	1	1/16	1/16	1	58						
5	4	57/4	57/4	0.25	1/2	1/2	Chord	4/4	1	1	1/16	1/16	1	59						
5	4	29/2	29/2	0.25	9/16	9/16	Chord	4/4	1	1	1/16	1/16	1	60						
5	4	59/4	59/4	0.25	5/8	5/8	Chord	4/4	1	1	1/16	1/16	1	61						
5	4	15	15	0.25	11/16	11/16	Chord	4/4	1	1	1/16	1/16	1	62						
5	4	61/4	61/4	0.25	3/4	3/4	Chord	4/4	1	1	1/16	1/16	1	63						
5	4	31/2	31/2	0.25	13/16	13/16	Chord	4/4	1	1	1/16	1/16	1	64						
5	4	63/4	63/4	0.25	7/8	7/8	Chord	4/4	1	1	1/16	1/16	1	65						
5	4	16	16	0.25	15/16	15/16	Chord	4/4	1	1	1/16	1/16	1	66						
6	5	65/4	65/4	0.25	0	0	Chord	4/4	1	1	1/16	1/16	1	67						
6	5	33/2	33/2	0.25	1/16	1/16	Chord	4/4	1	1	1/16	1/16	1	68						
6	5	67/4	67/4	0.25	1/8	1/8	Chord	4/4	1	1	1/16	1/16	1	69						
6	5	17	17	0.25	3/16	3/16	Chord	4/4	1	1	1/16	1/16	1	70						
6	5	69/4	69/4	0.25	1/4	1/4	Chord	4/4	1	1	1/16	1/16	1	71						
6	5	35/2	35/2	0.25	5/16	5/16	Chord	4/4	1	1	1/16	1/16	1	72						
6	5	71/4	71/4	0.25	3/8	3/8	Chord	4/4	1	1	1/16	1/16	1	73						
6	5	18	18	0.25	7/16	7/16	Chord	4/4	1	1	1/16	1/16	1	74						
6	5	73/4	73/4	0.25	1/2	1/2	Chord	4/4	1	1	1/16	1/16	1	75						
6	5	37/2	37/2	0.25	9/16	9/16	Chord	4/4	1	1	1/16	1/16	1	76						
6	5	75/4	75/4	0.25	5/8	5/8	Chord	4/4	1	1	1/16	1/16	1	77						
6	5	19	19	0.25	11/16	11/16	Chord	4/4	1	1	1/16	1/16	1	78						
6	5	77/4	77/4	0.25	3/4	3/4	Chord	4/4	1	1	1/16	1/16	1	79						
6	5	39/2	39/2	0.25	13/16	13/16	Chord	4/4	1	1	1/16	1/16	1	80						
6	5	79/4	79/4	0.25	7/8	7/8	Chord	4/4	1	1	1/16	1/16	1	81						
6	5	20	20	0.25	15/16	15/16	Chord	4/4	1	1	1/16	1/16	1	82						
7	6	81/4	81/4	0.25	0	0	Chord	4/4	1	1	1/16	1/16	1	83						
7	6	41/2	41/2	0.25	1/16	1/16	Chord	4/4	1	1	1/16	1/16	1	84						
7	6	83/4	83/4	0.25	1/8	1/8	Chord	4/4	1	1	1/16	1/16	1	85						
7	6	21	21	0.25	3/16	3/16	Chord	4/4	1	1	1/16	1/16	1	86						
7	6	85/4	85/4	0.25	1/4	1/4	Chord	4/4	1	1	1/16	1/16	1	87						
7	6	43/2	43/2	0.25	5/16	5/16	Chord	4/4	1	1	1/16	1/16	1	88						
7	6	87/4	87/4	0.25	3/8	3/8	Chord	4/4	1	1	1/16	1/16	1	89						
7	6	22	22	0.25	7/16	7/16	Chord	4/4	1	1	1/16	1/16	1	90						
7	6	89/4	89/4	0.25	1/2	1/2	Chord	4/4	1	1	1/16	1/16	1	91						
7	6	45/2	45/2	0.25	9/16	9/16	Chord	4/4	1	1	1/16	1/16	1	92						
7	6	91/4	91/4	0.25	5/8	5/8	Chord	4/4	1	1	1/16	1/16	1	93						
7	6	23	23	0.25	11/16	11/16	Chord	4/4	1	1	1/16	1/16	1	94						
7	6	93/4	93/4	0.25	3/4	3/4	Chord	4/4	1	1	1/16	1/16	1	95						
7	6	47/2	47/2	0.25	13/16	13/16	Chord	4/4	1	1	1/16	1/16	1	96						
7	6	95/4	95/4	0.25	7/8	7/8	Chord	4/4	1	1	1/16	1/16	1	97						
7	6	24	24	0.25	15/16	15/16	Chord	4/4	1	1	1/16	1/16	1	98						
8	7	97/4	97/4	0.25	0	0	Chord	4/4	1	1	1/16	1/16	1	99						
8	7	49/2	49/2	0.25	1/16	1/16	Chord	4/4	1	1	1/16	1/16	1	100						
8	7	99/4	99/4	0.25	1/8	1/8	Chord	4/4	1	1	1/16	1/16	1	101						
8	7	25	25	0.25	3/16	3/16	Chord	4/4	1	1	1/16	1/16	1	102						
8	7	101/4	101/4	0.25	1/4	1/4	Chord	4/4	1	1	1/16	1/16	1	103						
8	7	51/2	51/2	0.25	5/16	5/16	Chord	4/4	1	1	1/16	1/16	1	104						
8	7	103/4	103/4	0.25	3/8	3/8	Chord	4/4	1	1	1/16	1/16	1	105						
8	7	26	26	0.25	7/16	7/16	Chord	4/4	1	1	1/16	1/16	1	106						
8	7	105/4	105/4	0.25	1/2	1/2	Chord	4/4	1	1	1/16	1/16	1	107						
8	7	53/2	53/2	0.25	9/16	9/16	Chord	4/4	1	1	1/16	1/16	1	108						
8	7	107/4	107/4	0.25	5/8	5/8	Chord	4/4	1	1	1/16	1/16	1	109						
8	7	27	27	0.25	11/16	11/16	Chord	4/4	1	1	1/16	1/16	1	110						
8	7	109/4	109/4	0.25	3/4	3/4	Chord	4/4	1	1	1/16	1/16	1	111						
8	7	55/2	55/2	0.25	13/16	13/16	Chord	4/4	1	1	1/16	1/16	1	112						
8	7	111/4	111/4	0.25	7/8	7/8	Chord	4/4	1	1	1/16	1/16	1	113						
8	7	28	28	0.25	15/16	15/16	Chord	4/4	1	1	1/16	1/16	1	114						
9	8	113/4	113/4	0.25	0	0	Chord	4/4	1	1	1/16	1/16	1	115						
9	8	57/2	57/2	0.25	1/16	1/16	Chord	4/4	1	1	1/16	1/16	1	116						
9	8	115/4	115/4	0.25	1/8	1/8	Chord	4/4	1	1	1/16	1/16	1	117						
9	8	29	29	0.25	3/16	3/16	Chord	4/4	1	1	1/16	1/16	1	118						
9	8	117/4	117/4	0.25	1/4	1/4	Chord	4/4	1	1	1/16	1/16	1	119						
9	8	59/2	59/2	0.125	5/16	5/16	Chord	4/4	1	1	1/32	1/32	1	120						
9	8	237/8	237/8	0.125	11/32	11/32	Chord	4/4	1	1	1/32	1/32	1	121						
9	8	119/4	119/4	0.25	3/8	3/8	Chord	4/4	1	1	1/16	1/16	1	122						
9	8	30	30	0.25	7/16	7/16	Chord	4/4	1	1	1/16	1/16	1	123						
9	8	121/4	121/4	0.25	1/2	1/2	Chord	4/4	1	1	1/16	1/16	1	124						
9	8	61/2	61/2	0.25	9/16	9/16	Chord	4/4	1	1	1/16	1/16	1	125						
9	8	123/4	123/4	0.25	5/8	5/8	Chord	4/4	1	1	1/16	1/16	1	126						
9	8	31	31	0.25	11/16	11/16	Chord	4/4	1	1	1/16	1/16	1	127						
9	8	125/4	125/4	0.25	3/4	3/4	Chord	4/4	1	1	1/16	1/16	1	128						
9	8	63/2	63/2	0.125	13/16	13/16	Chord	4/4	1	1	1/32	1/32	1	129						
9	8	253/8	253/8	0.125	27/32	27/32	Chord	4/4	1	1	1/32	1/32	1	130						
9	8	127/4	127/4	0.25	7/8	7/8	Chord	4/4	1	1	1/16	1/16	1	131						
9	8	32	32	0.25	15/16	15/16	Chord	4/4	1	1	1/16	1/16	1	132						
10	9	129/4	129/4	0.25	0	0	Chord	4/4	1	1	1/16	1/16	1	133						
10	9	65/2	65/2	0.25	1/16	1/16	Chord	4/4	1	1	1/16	1/16	1	134						
10	9	131/4	131/4	0.25	1/8	1/8	Chord	4/4	1	1	1/16	1/16	1	135						
10	9	33	33	0.125	3/16	3/16	Chord	4/4	1	1	1/32	1/32	1	136						
10	9	265/8	265/8	0.125	7/32	7/32	Chord	4/4	1	1	1/32	1/32	1	137						
10	9	133/4	133/4	0.25	1/4	1/4	Chord	4/4	1	1	1/16	1/16	1	138						
10	9	67/2	67/2	0.25	5/16	5/16	Chord	4/4	1	1	1/16	1/16	1	139						
10	9	135/4	135/4	0.25	3/8	3/8	Chord	4/4	1	1	1/16	1/16	1	140						
10	9	34	34	0.25	7/16	7/16	Chord	4/4	1	1	1/16	1/16	1	141						
10	9	137/4	137/4	0.25	1/2	1/2	Chord	4/4	1	1	1/16	1/16	1	142						
10	9	69/2	69/2	0.25	9/16	9/16	Chord	4/4	1	1	1/16	1/16	1	143						
10	9	139/4	139/4	0.25	5/8	5/8	Chord	4/4	1	1	1/16	1/16	1	144						
10	9	35	35	0.25	11/16	11/16	Chord	4/4	1	1	1/16	1/16	1	145						
10	9	141/4	141/4	0.25	3/4	3/4	Chord	4/4	1	1	1/16	1/16	1	146						
10	9	71/2	71/2	0.25	13/16	13/16	Chord	4/4	1	1	1/16	1/16	1	147						
10	9	143/4	143/4	0.25	7/8	7/8	Chord	4/4	1	1	1/16	1/16	1	148						
10	9	36	36	0.25	15/16	15/16	Chord	4/4	1	1	1/16	1/16	1	149						
11	10	145/4	145/4	0.25	0	0	Chord	4/4	1	1	1/16	1/16	1	150						
11	10	73/2	73/2	0.25	1/16	1/16	Chord	4/4	1	1	1/16	1/16	1	151						
11	10	147/4	147/4	0.25	1/8	1/8	Chord	4/4	1	1	1/16	1/16	1	152						
11	10	37	37	0.25	3/16	3/16	Chord	4/4	1	1	1/16	1/16	1	153						
11	10	149/4	149/4	0.25	1/4	1/4	Chord	4/4	1	1	1/16	1/16	1	154						
11	10	75/2	75/2	0.25	5/16	5/16	Chord	4/4	1	1	1/16	1/16	1	155						
11	10	151/4	151/4	0.25	3/8	3/8	Chord	4/4	1	1	1/16	1/16	1	156						
11	10	38	38	0.25	7/16	7/16	Chord	4/4	1	1	1/16	1/16	1	157						
11	10	153/4	153/4	0.25	1/2	1/2	Chord	4/4	1	1	1/16	1/16	1	158						
11	10	77/2	77/2	0.25	9/16	9/16	Chord	4/4	1	1	1/16	1/16	1	159						
11	10	155/4	155/4	0.25	5/8	5/8	Chord	4/4	1	1	1/16	1/16	1	160						
11	10	39	39	0.25	11/16	11/16	Chord	4/4	1	1	1/16	1/16	1	161						
11	10	157/4	157/4	0.25	3/4	3/4	Chord	4/4	1	1	1/16	1/16	1	162						
11	10	79/2	79/2	0.25	13/16	13/16	Chord	4/4	1	1	1/16	1/16	1	163						
11	10	159/4	159/4	0.25	7/8	7/8	Chord	4/4	1	1	1/16	1/16	1	164						
11	10	40	40	0.25	15/16	15/16	Chord	4/4	1	1	1/16	1/16	1	165						
12	11	161/4	161/4	0.25	0	0	Chord	4/4	1	1	1/16	1/16	1	166						
12	11	81/2	81/2	0.125	1/16	1/16	Chord	4/4	1	1	1/32	1/32	1	167						
12	11	325/8	325/8	0.125	3/32	3/32	Chord	4/4	1	1	1/32	1/32	1	168						
12	11	163/4	163/4	0.25	1/8	1/8	Chord	4/4	1	1	1/16	1/16	1	169						
12	11	41	41	0.25	3/16	3/16	Chord	4/4	1	1	1/16	1/16	1	170						
12	11	165/4	165/4	0.25	1/4	1/4	Chord	4/4	1	1	1/16	1/16	1	171						
12	11	83/2	83/2	0.125	5/16	5/16	Chord	4/4	1	1	1/32	1/32	1	172						
12	11	333/8	333/8	0.125	11/32	11/32	Chord	4/4	1	1	1/32	1/32	1	173						
12	11	167/4	167/4	0.25	3/8	3/8	Chord	4/4	1	1	1/16	1/16	1	174						
12	11	42	42	0.25	7/16	7/16	Chord	4/4	1	1	1/16	1/16	1	175						
12	11	169/4	169/4	0.25	1/2	1/2	Chord	4/4	1	1	1/16	1/16	1	176						
12	11	85/2	85/2	0.125	9/16	9/16	Chord	4/4	1	1	1/32	1/32	1	177						
12	11	341/8	341/8	0.125	19/32	19/32	Chord	4/4	1	1	1/32	1/32	1	178						
12	11	171/4	171/4	0.25	5/8	5/8	Chord	4/4	1	1	1/16	1/16	1	179						
12	11	43	43	0.25	11/16	11/16	Chord	4/4	1	1	1/16	1/16	1	180						
12	11	173/4	173/4	0.25	3/4	3/4	Chord	4/4	1	1	1/16	1/16	1	181						
12	11	87/2	87/2	0.125	13/16	13/16	Chord	4/4	1	1	1/32	1/32	1	182						
12	11	349/8	349/8	0.125	27/32	27/32	Chord	4/4	1	1	1/32	1/32	1	183						
12	11	175/4	175/4	0.25	7/8	7/8	Chord	4/4	1	1	1/16	1/16	1	184						
12	11	44	44	0.25	15/16	15/16	Chord	4/4	1	1	1/16	1/16	1	185						
13	12	177/4	177/4	0.25	0	0	Chord	4/4	1	1	1/16	1/16	1	186						
13	12	89/2	89/2	0.125	1/16	1/16	Chord	4/4	1	1	1/32	1/32	1	187						
13	12	357/8	357/8	0.125	3/32	3/32	Chord	4/4	1	1	1/32	1/32	1	188						
13	12	179/4	179/4	0.25	1/8	1/8	Chord	4/4	1	1	1/16	1/16	1	189						
13	12	45	45	0.25	3/16	3/16	Chord	4/4	1	1	1/16	1/16	1	190						
13	12	181/4	181/4	0.25	1/4	1/4	Chord	4/4	1	1	1/16	1/16	1	191						
13	12	91/2	91/2	0.125	5/16	5/16	Chord	4/4	1	1	1/32	1/32	1	192						
13	12	365/8	365/8	0.125	11/32	11/32	Chord	4/4	1	1	1/32	1/32	1	193						
13	12	183/4	183/4	0.25	3/8	3/8	Chord	4/4	1	1	1/16	1/16	1	194						
13	12	46	46	0.25	7/16	7/16	Chord	4/4	1	1	1/16	1/16	1	195						
13	12	185/4	185/4	0.25	1/2	1/2	Chord	4/4	1	1	1/16	1/16	1	196						
13	12	93/2	93/2	0.25	9/16	9/16	Chord	4/4	1	1	1/16	1/16	1	197						
13	12	187/4	187/4	0.25	5/8	5/8	Chord	4/4	1	1	1/16	1/16	1	198						
13	12	47	47	0.25	11/16	11/16	Chord	4/4	1	1	1/16	1/16	1	199						
13	12	189/4	189/4	0.25	3/4	3/4	Chord	4/4	1	1	1/16	1/16	1	200						
13	12	95/2	95/2	0.25	13/16	13/16	Chord	4/4	1	1	1/16	1/16	1	201						
13	12	191/4	191/4	0.25	7/8	7/8	Chord	4/4	1	1	1/16	1/16	1	202						
13	12	48	48	0.25	15/16	15/16	Chord	4/4	1	1	1/16	1/16	1	203						
14	13	193/4	193/4	0.25	0	0	Chord	4/4	1	1	1/16	1/16	1	204						
14	13	97/2	97/2	0.25	1/16	1/16	Chord	4/4	1	1	1/16	1/16	1	205						
14	13	195/4	195/4	0.25	1/8	1/8	Chord	4/4	1	1	1/16	1/16	1	206						
14	13	49	49	0.25	3/16	3/16	Chord	4/4	1	1	1/16	1/16	1	207						
14	13	197/4	197/4	0.25	1/4	1/4	Chord	4/4	1	1	1/16	1/16	1	208						
14	13	99/2	99/2	0.25	5/16	5/16	Chord	4/4	1	1	1/16	1/16	1	209						
14	13	199/4	199/4	0.25	3/8	3/8	Chord	4/4	1	1	1/16	1/16	1	210						
14	13	50	50	0.25	7/16	7/16	Chord	4/4	1	1	1/16	1/16	1	211						
14	13	201/4	201/4	0.25	1/2	1/2	Chord	4/4	1	1	1/16	1/16	1	212						
14	13	101/2	101/2	0.25	9/16	9/16	Chord	4/4	1	1	1/16	1/16	1	213						
14	13	203/4	203/4	0.25	5/8	5/8	Chord	4/4	1	1	1/16	1/16	1	214						
14	13	51	51	0.25	11/16	11/16	Chord	4/4	1	1	1/16	1/16	1	215						
14	13	205/4	205/4	0.25	3/4	3/4	Chord	4/4	1	1	1/16	1/16	1	216						
14	13	103/2	103/2	0.125	13/16	13/16	Chord	4/4	1	1	1/32	1/32	1	217						
14	13	413/8	413/8	0.125	27/32	27/32	Chord	4/4	1	1	1/32	1/32	1	218						
14	13	207/4	207/4	0.25	7/8	7/8	Chord	4/4	1	1	1/16	1/16	1	219						
14	13	52	52	0.25	15/16	15/16	Chord	4/4	1	1	1/16	1/16	1	220						
15	14	209/4	209/4	0.25	0	0	Chord	4/4	1	1	1/16	1/16	1	221						
15	14	105/2	105/2	0.125	1/16	1/16	Chord	4/4	1	1	1/32	1/32	1	222						
15	14	421/8	421/8	0.125	3/32	3/32	Chord	4/4	1	1	1/32	1/32	1	223						
15	14	211/4	211/4	0.25	1/8	1/8	Chord	4/4	1	1	1/16	1/16	1	224						
15	14	53	53	0.125	3/16	3/16	Chord	4/4	1	1	1/32	1/32	1	225						
15	14	425/8	425/8	0.125	7/32	7/32	Chord	4/4	1	1	1/32	1/32	1	226						
15	14	213/4	213/4	0.25	1/4	1/4	Chord	4/4	1	1	1/16	1/16	1	227						
15	14	107/2	107/2	0.125	5/16	5/16	Chord	4/4	1	1	1/32	1/32	1	228						
15	14	429/8	429/8	0.125	11/32	11/32	Chord	4/4	1	1	1/32	1/32	1	229						
15	14	215/4	215/4	0.25	3/8	3/8	Chord	4/4	1	1	1/16	1/16	1	230						
15	14	54	54	0.125	7/16	7/16	Chord	4/4	1	1	1/32	1/32	1	231						
15	14	433/8	433/8	0.125	15/32	15/32	Chord	4/4	1	1	1/32	1/32	1	232						
15	14	217/4	217/4	0.25	1/2	1/2	Chord	4/4	1	1	1/16	1/16	1	233						
15	14	109/2	109/2	0.25	9/16	9/16	Chord	4/4	1	1	1/16	1/16	1	234						
15	14	219/4	219/4	0.25	5/8	5/8	Chord	4/4	1	1	1/16	1/16	1	235						
15	14	55	55	0.25	11/16	11/16	Chord	4/4	1	1	1/16	1/16	1	236						
15	14	221/4	221/4	0.25	3/4	3/4	Chord	4/4	1	1	1/16	1/16	1	237						
15	14	111/2	111/2	0.25	13/16	13/16	Chord	4/4	1	1	1/16	1/16	1	238						
15	14	223/4	223/4	0.25	7/8	7/8	Chord	4/4	1	1	1/16	1/16	1	239						
15	14	56	56	0.125	15/16	15/16	Chord	4/4	1	1	1/32	1/32	1	240						
15	14	449/8	449/8	0.125	31/32	31/32	Chord	4/4	1	1	1/32	1/32	1	241						
16	15	225/4	225/4	0.25	0	0	Chord	4/4	1	1	1/16	1/16	1	242						
16	15	113/2	113/2	0.125	1/16	1/16	Chord	4/4	1	1	1/32	1/32	1	243						
16	15	453/8	453/8	0.125	3/32	3/32	Chord	4/4	1	1	1/32	1/32	1	244						
16	15	227/4	227/4	0.25	1/8	1/8	Chord	4/4	1	1	1/16	1/16	1	245						
16	15	57	57	0.25	3/16	3/16	Chord	4/4	1	1	1/16	1/16	1	246						
16	15	229/4	229/4	0.16666666666666666	1/4	1/4	Chord	4/4	1	1	1/24	1/16	2/3	247						
16	15	689/12	689/12	0.16666666666666666	7/24	7/24	Chord	4/4	1	1	1/24	1/16	2/3	248						
16	15	691/12	691/12	0.16666666666666666	1/3	1/3	Chord	4/4	1	1	1/24	1/16	2/3	249						
16	15	231/4	231/4	0.16666666666666666	3/8	3/8	Chord	4/4	1	1	1/24	1/16	2/3	250						
16	15	695/12	695/12	0.16666666666666666	5/12	5/12	Chord	4/4	1	1	1/24	1/16	2/3	251						
16	15	697/12	697/12	0.16666666666666666	11/24	11/24	Chord	4/4	1	1	1/24	1/16	2/3	252						
16	15	233/4	233/4	0.75	1/2	1/2	Chord	4/4	1	1	3/16	1/8	3/2	253						
16	15	59	59	0.25	11/16	11/16	Chord	4/4	1	1	1/16	1/16	1	254						
16	15	237/4	237/4	0.25	3/4	3/4	Chord	4/4	1	1	1/16	1/16	1	255						
16	15	119/2	119/2	0.25	13/16	13/16	Chord	4/4	1	1	1/16	1/16	1	256						
16	15	239/4	239/4	0.25	7/8	7/8	Chord	4/4	1	1	1/16	1/16	1	257						
16	15	60	60	0.25	15/16	15/16	Chord	4/4	1	1	1/16	1/16	1	258						
17	16	241/4	241/4	0.25	0	0	Chord	4/4	1	1	1/16	1/16	1	259						
17	16	121/2	121/2	0.25	1/16	1/16	Chord	4/4	1	1	1/16	1/16	1	260						
17	16	243/4	243/4	0.25	1/8	1/8	Chord	4/4	1	1	1/16	1/16	1	261						
17	16	61	61	0.25	3/16	3/16	Chord	4/4	1	1	1/16	1/16	1	262						
17	16	245/4	245/4	0.25	1/4	1/4	Chord	4/4	1	1	1/16	1/16	1	263						
17	16	123/2	123/2	0.25	5/16	5/16	Chord	4/4	1	1	1/16	1/16	1	264						
17	16	247/4	247/4	0.25	3/8	3/8	Chord	4/4	1	1	1/16	1/16	1	265						
17	16	62	62	0.25	7/16	7/16	Chord	4/4	1	1	1/16	1/16	1	266						
17	16	249/4	249/4	1.5	1/2	1/2	Chord	4/4	1	1	3/8	1/4	3/2	267						
18	16	64	64	0.25	0	15/16	Chord	4/4	1	1	1/16	1/16	1	268						
19	17	257/4	257/4	0.75	0	0	Chord	4/4	1	1	3/16	1/8	3/2	269						
19	17	65	65	0.25	3/16	3/16	Chord	4/4	1	1	1/16	1/16	1	270						
19	17	261/4	261/4	0.25	1/4	1/4	Chord	4/4	1	1	1/16	1/16	1	271						
19	17	131/2	131/2	0.25	5/16	5/16	Chord	4/4	1	1	1/16	1/16	1	272						
19	17	263/4	263/4	0.25	3/8	3/8	Chord	4/4	1	1	1/16	1/16	1	273						
19	17	66	66	0.25	7/16	7/16	Chord	4/4	1	1	1/16	1/16	1	274						
19	17	265/4	265/4	0.25	1/2	1/2	Chord	4/4	1	1	1/16	1/16	1	275						
19	17	133/2	133/2	0.125	9/16	9/16	Chord	4/4	1	1	1/32	1/32	1	276						
19	17	533/8	533/8	0.125	19/32	19/32	Chord	4/4	1	1	1/32	1/32	1	277						
19	17	267/4	267/4	0.25	5/8	5/8	Chord	4/4	1	1	1/16	1/16	1	278						
19	17	67	67	0.25	11/16	11/16	Chord	4/4	1	1	1/16	1/16	1	279						
19	17	269/4	269/4	0.25	3/4	3/4	Chord	4/4	1	1	1/16	1/16	1	280						
19	17	135/2	135/2	0.25	13/16	13/16	Chord	4/4	1	1	1/16	1/16	1	281						
19	17	271/4	271/4	0.25	7/8	7/8	Chord	4/4	1	1	1/16	1/16	1	282						
19	17	68	68	0.25	15/16	15/16	Chord	4/4	1	1	1/16	1/16	1	283						
20	18	273/4	273/4	0.25	0	0	Chord	4/4	1	1	1/16	1/16	1	284						
20	18	137/2	137/2	0.25	1/16	1/16	Chord	4/4	1	1	1/16	1/16	1	285						
20	18	275/4	275/4	0.25	1/8	1/8	Chord	4/4	1	1	1/16	1/16	1	286						
20	18	69	69	0.25	3/16	3/16	Chord	4/4	1	1	1/16	1/16	1	287						
20	18	277/4	277/4	0.25	1/4	1/4	Chord	4/4	1	1	1/16	1/16	1	288						
20	18	139/2	139/2	0.25	5/16	5/16	Chord	4/4	1	1	1/16	1/16	1	289						
20	18	279/4	279/4	0.25	3/8	3/8	Chord	4/4	1	1	1/16	1/16	1	290						
20	18	70	70	0.25	7/16	7/16	Chord	4/4	1	1	1/16	1/16	1	291						
20	18	281/4	281/4	0.25	1/2	1/2	Chord	4/4	1	1	1/16	1/16	1	292						
20	18	141/2	141/2	0.25	9/16	9/16	Chord	4/4	1	1	1/16	1/16	1	293						
20	18	283/4	283/4	0.25	5/8	5/8	Chord	4/4	1	1	1/16	1/16	1	294						
20	18	71	71	0.25	11/16	11/16	Chord	4/4	1	1	1/16	1/16	1	295						
20	18	285/4	285/4	0.25	3/4	3/4	Chord	4/4	1	1	1/16	1/16	1	296						
20	18	143/2	143/2	0.25	13/16	13/16	Chord	4/4	1	1	1/16	1/16	1	297						
20	18	287/4	287/4	0.25	7/8	7/8	Chord	4/4	1	1	1/16	1/16	1	298						
20	18	72	72	0.25	15/16	15/16	Chord	4/4	1	1	1/16	1/16	1	299						
21	19	289/4	289/4	0.25	0	0	Chord	4/4	1	1	1/16	1/16	1	300						
21	19	145/2	145/2	0.25	1/16	1/16	Chord	4/4	1	1	1/16	1/16	1	301						
21	19	291/4	291/4	0.25	1/8	1/8	Chord	4/4	1	1	1/16	1/16	1	302						
21	19	73	73	0.25	3/16	3/16	Chord	4/4	1	1	1/16	1/16	1	303						
21	19	293/4	293/4	0.25	1/4	1/4	Chord	4/4	1	1	1/16	1/16	1	304						
21	19	147/2	147/2	0.25	5/16	5/16	Chord	4/4	1	1	1/16	1/16	1	305						
21	19	295/4	295/4	0.25	3/8	3/8	Chord	4/4	1	1	1/16	1/16	1	306						
21	19	74	74	0.25	7/16	7/16	Chord	4/4	1	1	1/16	1/16	1	307						
21	19	297/4	297/4	0.25	1/2	1/2	Chord	4/4	1	1	1/16	1/16	1	308						
21	19	149/2	149/2	0.25	9/16	9/16	Chord	4/4	1	1	1/16	1/16	1	309						
21	19	299/4	299/4	0.25	5/8	5/8	Chord	4/4	1	1	1/16	1/16	1	310						
21	19	75	75	0.25	11/16	11/16	Chord	4/4	1	1	1/16	1/16	1	311						
21	19	301/4	301/4	0.16666666666666666	3/4	3/4	Chord	4/4	1	1	1/24	1/16	2/3	312						
21	19	905/12	905/12	0.16666666666666666	19/24	19/24	Chord	4/4	1	1	1/24	1/16	2/3	313						
21	19	907/12	907/12	0.16666666666666666	5/6	5/6	Chord	4/4	1	1	1/24	1/16	2/3	314						
21	19	303/4	303/4	0.16666666666666666	7/8	7/8	Chord	4/4	1	1	1/24	1/16	2/3	315						
21	19	911/12	911/12	0.16666666666666666	11/12	11/12	Chord	4/4	1	1	1/24	1/16	2/3	316						
21	19	913/12	913/12	0.16666666666666666	23/24	23/24	Chord	4/4	1	1	1/24	1/16	2/3	317						
22	20	305/4	305/4	0.25	0	0	Chord	4/4	1	1	1/16	1/16	1	318						
22	20	153/2	153/2	0.125	1/16	1/16	Chord	4/4	1	1	1/32	1/32	1	319						
22	20	613/8	613/8	0.125	3/32	3/32	Chord	4/4	1	1	1/32	1/32	1	320						
22	20	307/4	307/4	0.25	1/8	1/8	Chord	4/4	1	1	1/16	1/16	1	321						
22	20	77	77	0.25	3/16	3/16	Chord	4/4	1	1	1/16	1/16	1	322						
22	20	309/4	309/4	0.25	1/4	1/4	Chord	4/4	1	1	1/16	1/16	1	323						
22	20	155/2	155/2	0.125	5/16	5/16	Chord	4/4	1	1	1/32	1/32	1	324						
22	20	621/8	621/8	0.125	11/32	11/32	Chord	4/4	1	1	1/32	1/32	1	325						
22	20	311/4	311/4	0.25	3/8	3/8	Chord	4/4	1	1	1/16	1/16	1	326						
22	20	78	78	0.25	7/16	7/16	Chord	4/4	1	1	1/16	1/16	1	327						
22	20	313/4	313/4	0.25	1/2	1/2	Chord	4/4	1	1	1/16	1/16	1	328						
22	20	157/2	157/2	0.125	9/16	9/16	Chord	4/4	1	1	1/32	1/32	1	329						
22	20	629/8	629/8	0.125	19/32	19/32	Chord	4/4	1	1	1/32	1/32	1	330						
22	20	315/4	315/4	0.25	5/8	5/8	Chord	4/4	1	1	1/16	1/16	1	331						
22	20	79	79	0.25	11/16	11/16	Chord	4/4	1	1	1/16	1/16	1	332						
22	20	317/4	317/4	0.25	3/4	3/4	Chord	4/4	1	1	1/16	1/16	1	333						
22	20	159/2	159/2	0.125	13/16	13/16	Chord	4/4	1	1	1/32	1/32	1	334						
22	20	637/8	637/8	0.125	27/32	27/32	Chord	4/4	1	1	1/32	1/32	1	335						
22	20	319/4	319/4	0.25	7/8	7/8	Chord	4/4	1	1	1/16	1/16	1	336						
22	20	80	80	0.25	15/16	15/16	Chord	4/4	1	1	1/16	1/16	1	337						
23	21	321/4	321/4	0.25	0	0	Chord	4/4	1	1	1/16	1/16	1	338						
23	21	161/2	161/2	0.125	1/16	1/16	Chord	4/4	1	1	1/32	1/32	1	339						
23	21	645/8	645/8	0.125	3/32	3/32	Chord	4/4	1	1	1/32	1/32	1	340						
23	21	323/4	323/4	0.25	1/8	1/8	Chord	4/4	1	1	1/16	1/16	1	341						
23	21	81	81	0.25	3/16	3/16	Chord	4/4	1	1	1/16	1/16	1	342						
23	21	325/4	325/4	0.25	1/4	1/4	Chord	4/4	1	1	1/16	1/16	1	343						
23	21	163/2	163/2	0.125	5/16	5/16	Chord	4/4	1	1	1/32	1/32	1	344						
23	21	653/8	653/8	0.125	11/32	11/32	Chord	4/4	1	1	1/32	1/32	1	345						
23	21	327/4	327/4	0.25	3/8	3/8	Chord	4/4	1	1	1/16	1/16	1	346						
23	21	82	82	0.25	7/16	7/16	Chord	4/4	1	1	1/16	1/16	1	347						
23	21	329/4	329/4	0.25	1/2	1/2	Chord	4/4	1	1	1/16	1/16	1	348						
23	21	165/2	165/2	0.125	9/16	9/16	Chord	4/4	1	1	1/32	1/32	1	349						
23	21	661/8	661/8	0.125	19/32	19/32	Chord	4/4	1	1	1/32	1/32	1	350						
23	21	331/4	331/4	0.25	5/8	5/8	Chord	4/4	1	1	1/16	1/16	1	351						
23	21	83	83	0.125	11/16	11/16	Chord	4/4	1	1	1/32	1/32	1	352						
23	21	665/8	665/8	0.125	23/32	23/32	Chord	4/4	1	1	1/32	1/32	1	353						
23	21	333/4	333/4	0.25	3/4	3/4	Chord	4/4	1	1	1/16	1/16	1	354						
23	21	167/2	167/2	0.125	13/16	13/16	Chord	4/4	1	1	1/32	1/32	1	355						
23	21	669/8	669/8	0.125	27/32	27/32	Chord	4/4	1	1	1/32	1/32	1	356						
23	21	335/4	335/4	0.25	7/8	7/8	Chord	4/4	1	1	1/16	1/16	1	357						
23	21	84	84	0.125	15/16	15/16	Chord	4/4	1	1	1/32	1/32	1	358						
23	21	673/8	673/8	0.125	31/32	31/32	Chord	4/4	1	1	1/32	1/32	1	359						
24	22	337/4	337/4	0.25	0	0	Chord	4/4	1	1	1/16	1/16	1	360						
24	22	169/2	169/2	0.25	1/16	1/16	Chord	4/4	1	1	1/16	1/16	1	361						
24	22	339/4	339/4	0.25	1/8	1/8	Chord	4/4	1	1	1/16	1/16	1	362						
24	22	85	85	0.25	3/16	3/16	Chord	4/4	1	1	1/16	1/16	1	363						
24	22	341/4	341/4	0.16666666666666666	1/4	1/4	Chord	4/4	1	1	1/24	1/16	2/3	364						
24	22	1025/12	1025/12	0.16666666666666666	7/24	7/24	Chord	4/4	1	1	1/24	1/16	2/3	365						
24	22	1027/12	1027/12	0.16666666666666666	1/3	1/3	Chord	4/4	1	1	1/24	1/16	2/3	366						
24	22	343/4	343/4	0.16666666666666666	3/8	3/8	Chord	4/4	1	1	1/24	1/16	2/3	367						
24	22	1031/12	1031/12	0.16666666666666666	5/12	5/12	Chord	4/4	1	1	1/24	1/16	2/3	368						
24	22	1033/12	1033/12	0.16666666666666666	11/24	11/24	Chord	4/4	1	1	1/24	1/16	2/3	369						
24	22	345/4	345/4	0.25	1/2	1/2	Chord	4/4	1	1	1/16	1/16	1	370						
24	22	173/2	173/2	0.125	9/16	9/16	Chord	4/4	1	1	1/32	1/32	1	371						
24	22	693/8	693/8	0.125	19/32	19/32	Chord	4/4	1	1	1/32	1/32	1	372						
24	22	347/4	347/4	0.25	5/8	5/8	Chord	4/4	1	1	1/16	1/16	1	373						
24	22	87	87	0.25	11/16	11/16	Chord	4/4	1	1	1/16	1/16	1	374						
24	22	349/4	349/4	0.16666666666666666	3/4	3/4	Chord	4/4	1	1	1/24	1/16	2/3	375						
24	22	1049/12	1049/12	0.16666666666666666	19/24	19/24	Chord	4/4	1	1	1/24	1/16	2/3	376						
24	22	1051/12	1051/12	0.16666666666666666	5/6	5/6	Chord	4/4	1	1	1/24	1/16	2/3	377						
24	22	351/4	351/4	0.16666666666666666	7/8	7/8	Chord	4/4	1	1	1/24	1/16	2/3	378						
24	22	1055/12	1055/12	0.16666666666666666	11/12	11/12	Chord	4/4	1	1	1/24	1/16	2/3	379						
24	22	1057/12	1057/12	0.16666666666666666	23/24	23/24	Chord	4/4	1	1	1/24	1/16	2/3	380						
25	23	353/4	353/4	0.75	0	0	Chord	4/4	1	1	3/16	1/8	3/2	381						
25	23	89	89	0.25	3/16	3/16	Chord	4/4	1	1	1/16	1/16	1	382						
25	23	357/4	357/4	0.25	1/4	1/4	Chord	4/4	1	1	1/16	1/16	1	383						
25	23	179/2	179/2	0.25	5/16	5/16	Chord	4/4	1	1	1/16	1/16	1	384						
25	23	359/4	359/4	0.25	3/8	3/8	Chord	4/4	1	1	1/16	1/16	1	385						
25	23	90	90	0.25	7/16	7/16	Chord	4/4	1	1	1/16	1/16	1	386						
25	23	361/4	361/4	0.25	1/2	1/2	Chord	4/4	1	1	1/16	1/16	1	387						
25	23	181/2	181/2	0.25	9/16	9/16	Chord	4/4	1	1	1/16	1/16	1	388						
25	23	363/4	363/4	0.25	5/8	5/8	Chord	4/4	1	1	1/16	1/16	1	389						
25	23	91	91	0.25	11/16	11/16	Chord	4/4	1	1	1/16	1/16	1	390						
25	23	365/4	365/4	0.25	3/4	3/4	Chord	4/4	1	1	1/16	1/16	1	391						
25	23	183/2	183/2	0.125	13/16	13/16	Chord	4/4	1	1	1/32	1/32	1	392						
25	23	733/8	733/8	0.125	27/32	27/32	Chord	4/4	1	1	1/32	1/32	1	393						
25	23	367/4	367/4	0.25	7/8	7/8	Chord	4/4	1	1	1/16	1/16	1	394						
25	23	92	92	0.25	15/16	15/16	Chord	4/4	1	1	1/16	1/16	1	395						
26	24	369/4	369/4	0.25	0	0	Chord	4/4	1	1	1/16	1/16	1	396						
26	24	185/2	185/2	0.25	1/16	1/16	Chord	4/4	1	1	1/16	1/16	1	397						
26	24	371/4	371/4	0.25	1/8	1/8	Chord	4/4	1	1	1/16	1/16	1	398						
26	24	93	93	0.25	3/16	3/16	Chord	4/4	1	1	1/16	1/16	1	399						
26	24	373/4	373/4	0.25	1/4	1/4	Chord	4/4	1	1	1/16	1/16	1	400						
26	24	187/2	187/2	0.25	5/16	5/16	Chord	4/4	1	1	1/16	1/16	1	401						
26	24	375/4	375/4	0.25	3/8	3/8	Chord	4/4	1	1	1/16	1/16	1	402						
26	24	94	94	0.25	7/16	7/16	Chord	4/4	1	1	1/16	1/16	1	403						
26	24	377/4	377/4	0.25	1/2	1/2	Chord	4/4	1	1	1/16	1/16	1	404						
26	24	189/2	189/2	0.25	9/16	9/16	Chord	4/4	1	1	1/16	1/16	1	405						
26	24	379/4	379/4	0.25	5/8	5/8	Chord	4/4	1	1	1/16	1/16	1	406						
26	24	95	95	0.25	11/16	11/16	Chord	4/4	1	1	1/16	1/16	1	407						
26	24	381/4	381/4	0.25	3/4	3/4	Chord	4/4	1	1	1/16	1/16	1	408						
26	24	191/2	191/2	0.25	13/16	13/16	Chord	4/4	1	1	1/16	1/16	1	409						
26	24	383/4	383/4	0.25	7/8	7/8	Chord	4/4	1	1	1/16	1/16	1	410						
26	24	96	96	0.25	15/16	15/16	Chord	4/4	1	1	1/16	1/16	1	411						
27	25	385/4	385/4	0.25	0	0	Chord	4/4	1	1	1/16	1/16	1	412						
27	25	193/2	193/2	0.25	1/16	1/16	Chord	4/4	1	1	1/16	1/16	1	413						
27	25	387/4	387/4	0.25	1/8	1/8	Chord	4/4	1	1	1/16	1/16	1	414						
27	25	97	97	0.25	3/16	3/16	Chord	4/4	1	1	1/16	1/16	1	415						
27	25	389/4	389/4	0.25	1/4	1/4	Chord	4/4	1	1	1/16	1/16	1	416						
27	25	195/2	195/2	0.25	5/16	5/16	Chord	4/4	1	1	1/16	1/16	1	417						
27	25	391/4	391/4	0.25	3/8	3/8	Chord	4/4	1	1	1/16	1/16	1	418						
27	25	98	98	0.25	7/16	7/16	Chord	4/4	1	1	1/16	1/16	1	419						
27	25	393/4	393/4	0.25	1/2	1/2	Chord	4/4	1	1	1/16	1/16	1	420						
27	25	197/2	197/2	0.25	9/16	9/16	Chord	4/4	1	1	1/16	1/16	1	421						
27	25	395/4	395/4	0.25	5/8	5/8	Chord	4/4	1	1	1/16	1/16	1	422						
27	25	99	99	0.25	11/16	11/16	Chord	4/4	1	1	1/16	1/16	1	423						
27	25	397/4	397/4	0.25	3/4	3/4	Chord	4/4	1	1	1/16	1/16	1	424						
27	25	199/2	199/2	0.25	13/16	13/16	Chord	4/4	1	1	1/16	1/16	1	425						
27	25	399/4	399/4	0.25	7/8	7/8	Chord	4/4	1	1	1/16	1/16	1	426						
27	25	100	100	0.25	15/16	15/16	Chord	4/4	1	1	1/16	1/16	1	427						
28	26	401/4	401/4	0.25	0	0	Chord	4/4	1	1	1/16	1/16	1	428						
28	26	201/2	201/2	0.25	1/16	1/16	Chord	4/4	1	1	1/16	1/16	1	429						
28	26	403/4	403/4	0.25	1/8	1/8	Chord	4/4	1	1	1/16	1/16	1	430						
28	26	101	101	0.25	3/16	3/16	Chord	4/4	1	1	1/16	1/16	1	431						
28	26	405/4	405/4	0.25	1/4	1/4	Chord	4/4	1	1	1/16	1/16	1	432						
28	26	203/2	203/2	0.25	5/16	5/16	Chord	4/4	1	1	1/16	1/16	1	433						
28	26	407/4	407/4	0.25	3/8	3/8	Chord	4/4	1	1	1/16	1/16	1	434						
28	26	102	102	0.25	7/16	7/16	Chord	4/4	1	1	1/16	1/16	1	435						
28	26	409/4	409/4	0.25	1/2	1/2	Chord	4/4	1	1	1/16	1/16	1	436						
28	26	205/2	205/2	0.125	9/16	9/16	Chord	4/4	1	1	1/32	1/32	1	437						
28	26	821/8	821/8	0.125	19/32	19/32	Chord	4/4	1	1	1/32	1/32	1	438						
28	26	411/4	411/4	0.25	5/8	5/8	Chord	4/4	1	1	1/16	1/16	1	439						
28	26	103	103	0.25	11/16	11/16	Chord	4/4	1	1	1/16	1/16	1	440						
28	26	413/4	413/4	0.25	3/4	3/4	Chord	4/4	1	1	1/16	1/16	1	441						
28	26	207/2	207/2	0.25	13/16	13/16	Chord	4/4	1	1	1/16	1/16	1	442						
28	26	415/4	415/4	0.25	7/8	7/8	Chord	4/4	1	1	1/16	1/16	1	443						
28	26	104	104	0.25	15/16	15/16	Chord	4/4	1	1	1/16	1/16	1	444						
29	27	417/4	417/4	0.125	0	0	Chord	4/4	1	1	1/32	1/32	1	445						
29	27	835/8	835/8	0.125	1/32	1/32	Chord	4/4	1	1	1/32	1/32	1	446						
29	27	209/2	209/2	0.125	1/16	1/16	Chord	4/4	1	1	1/32	1/32	1	447						
29	27	837/8	837/8	0.125	3/32	3/32	Chord	4/4	1	1	1/32	1/32	1	448						
29	27	419/4	419/4	0.25	1/8	1/8	Chord	4/4	1	1	1/16	1/16	1	449						
29	27	105	105	0.25	3/16	3/16	Chord	4/4	1	1	1/16	1/16	1	450						
29	27	421/4	421/4	0.25	1/4	1/4	Chord	4/4	1	1	1/16	1/16	1	451						
29	27	211/2	211/2	0.25	5/16	5/16	Chord	4/4	1	1	1/16	1/16	1	452						
29	27	423/4	423/4	0.25	3/8	3/8	Chord	4/4	1	1	1/16	1/16	1	453						
29	27	106	106	0.25	7/16	7/16	Chord	4/4	1	1	1/16	1/16	1	454						
29	27	425/4	425/4	0.25	1/2	1/2	Chord	4/4	1	1	1/16	1/16	1	455						
29	27	213/2	213/2	0.25	9/16	9/16	Chord	4/4	1	1	1/16	1/16	1	456						
29	27	427/4	427/4	0.25	5/8	5/8	Chord	4/4	1	1	1/16	1/16	1	457						
29	27	107	107	0.25	11/16	11/16	Chord	4/4	1	1	1/16	1/16	1	458						
29	27	429/4	429/4	0.25	3/4	3/4	Chord	4/4	1	1	1/16	1/16	1	459						
29	27	215/2	215/2	0.25	13/16	13/16	Chord	4/4	1	1	1/16	1/16	1	460						
29	27	431/4	431/4	0.25	7/8	7/8	Chord	4/4	1	1	1/16	1/16	1	461						
29	27	108	108	0.25	15/16	15/16	Chord	4/4	1	1	1/16	1/16	1	462						
30	28	433/4	433/4	0.25	0	0	Chord	4/4	1	1	1/16	1/16	1	463						
30	28	217/2	217/2	0.25	1/16	1/16	Chord	4/4	1	1	1/16	1/16	1	464						
30	28	435/4	435/4	0.25	1/8	1/8	Chord	4/4	1	1	1/16	1/16	1	465						
30	28	109	109	0.25	3/16	3/16	Chord	4/4	1	1	1/16	1/16	1	466						
30	28	437/4	437/4	0.25	1/4	1/4	Chord	4/4	1	1	1/16	1/16	1	467						
30	28	219/2	219/2	0.25	5/16	5/16	Chord	4/4	1	1	1/16	1/16	1	468						
30	28	439/4	439/4	0.25	3/8	3/8	Chord	4/4	1	1	1/16	1/16	1	469						
30	28	110	110	0.25	7/16	7/16	Chord	4/4	1	1	1/16	1/16	1	470						
30	28	441/4	441/4	0.25	1/2	1/2	Chord	4/4	1	1	1/16	1/16	1	471						
30	28	221/2	221/2	0.25	9/16	9/16	Chord	4/4	1	1	1/16	1/16	1	472						
30	28	443/4	443/4	0.25	5/8	5/8	Chord	4/4	1	1	1/16	1/16	1	473						
30	28	111	111	0.25	11/16	11/16	Chord	4/4	1	1	1/16	1/16	1	474						
30	28	445/4	445/4	0.25	3/4	3/4	Chord	4/4	1	1	1/16	1/16	1	475						
30	28	223/2	223/2	0.25	13/16	13/16	Chord	4/4	1	1	1/16	1/16	1	476						
30	28	447/4	447/4	0.25	7/8	7/8	Chord	4/4	1	1	1/16	1/16	1	477						
30	28	112	112	0.25	15/16	15/16	Chord	4/4	1	1	1/16	1/16	1	478						
31	29	449/4	449/4	0.25	0	0	Chord	4/4	1	1	1/16	1/16	1	479						
31	29	225/2	225/2	0.25	1/16	1/16	Chord	4/4	1	1	1/16	1/16	1	480						
31	29	451/4	451/4	0.25	1/8	1/8	Chord	4/4	1	1	1/16	1/16	1	481						
31	29	113	113	0.25	3/16	3/16	Chord	4/4	1	1	1/16	1/16	1	482						
31	29	453/4	453/4	0.25	1/4	1/4	Chord	4/4	1	1	1/16	1/16	1	483						
31	29	227/2	227/2	0.25	5/16	5/16	Chord	4/4	1	1	1/16	1/16	1	484						
31	29	455/4	455/4	0.25	3/8	3/8	Chord	4/4	1	1	1/16	1/16	1	485						
31	29	114	114	0.25	7/16	7/16	Chord	4/4	1	1	1/16	1/16	1	486						
31	29	457/4	457/4	0.25	1/2	1/2	Chord	4/4	1	1	1/16	1/16	1	487						
31	29	229/2	229/2	0.25	9/16	9/16	Chord	4/4	1	1	1/16	1/16	1	488						
31	29	459/4	459/4	0.25	5/8	5/8	Chord	4/4	1	1	1/16	1/16	1	489						
31	29	115	115	0.25	11/16	11/16	Chord	4/4	1	1	1/16	1/16	1	490						
31	29	461/4	461/4	0.25	3/4	3/4	Chord	4/4	1	1	1/16	1/16	1	491						
31	29	231/2	231/2	0.25	13/16	13/16	Chord	4/4	1	1	1/16	1/16	1	492						
31	29	463/4	463/4	0.25	7/8	7/8	Chord	4/4	1	1	1/16	1/16	1	493						
31	29	116	116	0.25	15/16	15/16	Chord	4/4	1	1	1/16	1/16	1	494						
32	30	465/4	465/4	0.25	0	0	Chord	4/4	1	1	1/16	1/16	1	495						
32	30	233/2	233/2	0.25	1/16	1/16	Chord	4/4	1	1	1/16	1/16	1	496						
32	30	467/4	467/4	0.25	1/8	1/8	Chord	4/4	1	1	1/16	1/16	1	497						
32	30	117	117	0.25	3/16	3/16	Chord	4/4	1	1	1/16	1/16	1	498						
32	30	469/4	469/4	0.25	1/4	1/4	Chord	4/4	1	1	1/16	1/16	1	499						
32	30	235/2	235/2	0.25	5/16	5/16	Chord	4/4	1	1	1/16	1/16	1	500						
32	30	471/4	471/4	0.25	3/8	3/8	Chord	4/4	1	1	1/16	1/16	1	501						
32	30	118	118	0.25	7/16	7/16	Chord	4/4	1	1	1/16	1/16	1	502						
32	30	473/4	473/4	0.25	1/2	1/2	Chord	4/4	1	1	1/16	1/16	1	503						
32	30	237/2	237/2	0.25	9/16	9/16	Chord	4/4	1	1	1/16	1/16	1	504						
32	30	475/4	475/4	0.25	5/8	5/8	Chord	4/4	1	1	1/16	1/16	1	505						
32	30	119	119	0.25	11/16	11/16	Chord	4/4	1	1	1/16	1/16	1	506						
32	30	477/4	477/4	0.25	3/4	3/4	Chord	4/4	1	1	1/16	1/16	1	507						
32	30	239/2	239/2	0.25	13/16	13/16	Chord	4/4	1	1	1/16	1/16	1	508						
32	30	479/4	479/4	0.25	7/8	7/8	Chord	4/4	1	1	1/16	1/16	1	509						
32	30	120	120	0.25	15/16	15/16	Chord	4/4	1	1	1/16	1/16	1	510						
33	31	481/4	481/4	0.25	0	0	Chord	4/4	1	1	1/16	1/16	1	511						
33	31	241/2	241/2	0.25	1/16	1/16	Chord	4/4	1	1	1/16	1/16	1	512						
33	31	483/4	483/4	0.25	1/8	1/8	Chord	4/4	1	1	1/16	1/16	1	513						
33	31	121	121	0.25	3/16	3/16	Chord	4/4	1	1	1/16	1/16	1	514						
33	31	485/4	485/4	0.25	1/4	1/4	Chord	4/4	1	1	1/16	1/16	1	515						
33	31	243/2	243/2	0.25	5/16	5/16	Chord	4/4	1	1	1/16	1/16	1	516						
33	31	487/4	487/4	0.25	3/8	3/8	Chord	4/4	1	1	1/16	1/16	1	517						
33	31	122	122	0.25	7/16	7/16	Chord	4/4	1	1	1/16	1/16	1	518						
33	31	489/4	489/4	0.25	1/2	1/2	Chord	4/4	1	1	1/16	1/16	1	519						
33	31	245/2	245/2	0.125	9/16	9/16	Chord	4/4	1	1	1/32	1/32	1	520						
33	31	981/8	981/8	0.125	19/32	19/32	Chord	4/4	1	1	1/32	1/32	1	521						
33	31	491/4	491/4	0.25	5/8	5/8	Chord	4/4	1	1	1/16	1/16	1	522						
33	31	123	123	0.25	11/16	11/16	Chord	4/4	1	1	1/16	1/16	1	523						
33	31	493/4	493/4	0.25	3/4	3/4	Chord	4/4	1	1	1/16	1/16	1	524						
33	31	247/2	247/2	0.125	13/16	13/16	Chord	4/4	1	1	1/32	1/32	1	525						
33	31	989/8	989/8	0.125	27/32	27/32	Chord	4/4	1	1	1/32	1/32	1	526						
33	31	495/4	495/4	0.25	7/8	7/8	Chord	4/4	1	1	1/16	1/16	1	527						
33	31	124	124	0.125	15/16	15/16	Chord	4/4	1	1	1/32	1/32	1	528						
33	31	993/8	993/8	0.125	31/32	31/32	Chord	4/4	1	1	1/32	1/32	1	529						
34	32	497/4	497/4	0.25	0	0	Chord	4/4	1	1	1/16	1/16	1	530						
34	32	249/2	249/2	0.125	1/16	1/16	Chord	4/4	1	1	1/32	1/32	1	531						
34	32	997/8	997/8	0.125	3/32	3/32	Chord	4/4	1	1	1/32	1/32	1	532						
34	32	499/4	499/4	0.25	1/8	1/8	Chord	4/4	1	1	1/16	1/16	1	533						
34	32	125	125	0.125	3/16	3/16	Chord	4/4	1	1	1/32	1/32	1	534						
34	32	1001/8	1001/8	0.125	7/32	7/32	Chord	4/4	1	1	1/32	1/32	1	535						
34	32	501/4	501/4	0.25	1/4	1/4	Chord	4/4	1	1	1/16	1/16	1	536						
34	32	251/2	251/2	0.25	5/16	5/16	Chord	4/4	1	1	1/16	1/16	1	537						
34	32	503/4	503/4	0.25	3/8	3/8	Chord	4/4	1	1	1/16	1/16	1	538						
34	32	126	126	0.25	7/16	7/16	Chord	4/4	1	1	1/16	1/16	1	539						
34	32	505/4	505/4	1.5	1/2	1/2	Chord	4/4	1	1	3/8	1/4	3/2	540						
