mc	mn	quarterbeats	quarterbeats_all_endings	duration_qb	mc_onset	mn_onset	timesig	staff	voice	duration	nominal_duration	scalar	tied	tpc	midi	name	octave	chord_id
1	1	0	0	0.5	0	0	3/4	1	1	1/8	1/8	1		2	50	D3	3	0
1	1	1/2	1/2	0.5	1/8	1/8	3/4	1	1	1/8	1/8	1		-1	53	F3	3	1
1	1	1	1	1.0	1/4	1/4	3/4	1	1	1/4	1/4	1	1	3	57	A3	3	2
1	1	2	2	0.25	1/2	1/2	3/4	1	1	1/16	1/16	1	-1	3	57	A3	3	3
1	1	9/4	9/4	0.25	9/16	9/16	3/4	1	1	1/16	1/16	1		-1	53	F3	3	4
1	1	5/2	5/2	0.25	5/8	5/8	3/4	1	1	1/16	1/16	1		4	52	E3	3	5
1	1	11/4	11/4	0.25	11/16	11/16	3/4	1	1	1/16	1/16	1		2	50	D3	3	6
2	2	3	3	0.25	0	0	3/4	1	1	1/16	1/16	1		7	49	C#3	3	7
2	2	13/4	13/4	0.25	1/16	1/16	3/4	1	1	1/16	1/16	1		4	52	E3	3	8
2	2	7/2	7/2	0.25	1/8	1/8	3/4	1	1	1/16	1/16	1		1	55	G3	3	9
2	2	15/4	15/4	0.25	3/16	3/16	3/4	1	1	1/16	1/16	1		3	57	A3	3	10
2	2	4	4	1.0	1/4	1/4	3/4	1	1	1/4	1/4	1	1	-2	58	Bb3	3	11
2	2	5	5	0.25	1/2	1/2	3/4	1	1	1/16	1/16	1	-1	-2	58	Bb3	3	12
2	2	21/4	21/4	0.25	9/16	9/16	3/4	1	1	1/16	1/16	1		3	57	A3	3	13
2	2	11/2	11/2	0.25	5/8	5/8	3/4	1	1	1/16	1/16	1		1	55	G3	3	14
2	2	23/4	23/4	0.25	11/16	11/16	3/4	1	1	1/16	1/16	1		-1	53	F3	3	15
3	3	6	6	0.25	0	0	3/4	1	1	1/16	1/16	1		4	52	E3	3	16
3	3	25/4	25/4	0.25	1/16	1/16	3/4	1	1	1/16	1/16	1		1	55	G3	3	17
3	3	13/2	13/2	0.25	1/8	1/8	3/4	1	1	1/16	1/16	1		-2	58	Bb3	3	18
3	3	27/4	27/4	0.25	3/16	3/16	3/4	1	1	1/16	1/16	1		7	61	C#4	4	19
3	3	7	7	0.75	1/4	1/4	3/4	1	1	3/16	1/8	3/2		4	64	E4	4	20
3	3	31/4	31/4	0.25	7/16	7/16	3/4	1	1	1/16	1/16	1		-2	58	Bb3	3	21
3	3	8	8	0.25	1/2	1/2	3/4	1	1	1/16	1/16	1		3	57	A3	3	22
3	3	33/4	33/4	0.25	9/16	9/16	3/4	1	1	1/16	1/16	1		1	55	G3	3	23
3	3	17/2	17/2	0.25	5/8	5/8	3/4	1	1	1/16	1/16	1		-1	53	F3	3	24
3	3	35/4	35/4	0.25	11/16	11/16	3/4	1	1	1/16	1/16	1		4	52	E3	3	25
4	4	9	9	0.25	0	0	3/4	1	1	1/16	1/16	1		-1	53	F3	3	26
4	4	37/4	37/4	0.25	1/16	1/16	3/4	1	1	1/16	1/16	1		1	55	G3	3	27
4	4	19/2	19/2	0.25	1/8	1/8	3/4	1	1	1/16	1/16	1		3	57	A3	3	28
4	4	39/4	39/4	0.25	3/16	3/16	3/4	1	1	1/16	1/16	1		-1	53	F3	3	29
4	4	10	10	0.5	1/4	1/4	3/4	1	1	1/8	1/8	1		2	50	D3	3	30
4	4	21/2	21/2	0.5	3/8	3/8	3/4	1	1	1/8	1/8	1		0	48	C3	3	31
4	4	11	11	0.5	1/2	1/2	3/4	1	1	1/8	1/8	1		-2	46	Bb2	2	32
4	4	23/2	23/2	0.5	5/8	5/8	3/4	1	1	1/8	1/8	1		3	45	A2	2	33
5	5	12	12	0.25	0	0	3/4	1	1	1/16	1/16	1		-2	46	Bb2	2	34
5	5	49/4	49/4	0.25	1/16	1/16	3/4	1	1	1/16	1/16	1		2	50	D3	3	35
5	5	25/2	25/2	0.25	1/8	1/8	3/4	1	1	1/16	1/16	1		-1	53	F3	3	36
5	5	51/4	51/4	0.25	3/16	3/16	3/4	1	1	1/16	1/16	1		3	57	A3	3	37
5	5	13	13	0.75	1/4	1/4	3/4	1	1	3/16	1/8	3/2		2	62	D4	4	38
5	5	55/4	55/4	0.25	7/16	7/16	3/4	1	1	1/16	1/16	1		0	60	C4	4	39
5	5	14	14	0.25	1/2	1/2	3/4	1	1	1/16	1/16	1		-2	58	Bb3	3	40
5	5	57/4	57/4	0.25	9/16	9/16	3/4	1	1	1/16	1/16	1		3	57	A3	3	41
5	5	29/2	29/2	0.25	5/8	5/8	3/4	1	1	1/16	1/16	1		1	55	G3	3	42
5	5	59/4	59/4	0.25	11/16	11/16	3/4	1	1	1/16	1/16	1		-1	53	F3	3	43
6	6	15	15	0.25	0	0	3/4	1	1	1/16	1/16	1		4	52	E3	3	44
6	6	61/4	61/4	0.25	1/16	1/16	3/4	1	1	1/16	1/16	1		1	55	G3	3	45
6	6	31/2	31/2	0.25	1/8	1/8	3/4	1	1	1/16	1/16	1		-2	58	Bb3	3	46
6	6	63/4	63/4	0.25	3/16	3/16	3/4	1	1	1/16	1/16	1		2	62	D4	4	47
6	6	16	16	0.25	1/4	1/4	3/4	1	1	1/16	1/16	1		0	60	C4	4	48
6	6	65/4	65/4	0.25	5/16	5/16	3/4	1	1	1/16	1/16	1		3	57	A3	3	49
6	6	33/2	33/2	0.25	3/8	3/8	3/4	1	1	1/16	1/16	1		-2	58	Bb3	3	50
6	6	67/4	67/4	0.25	7/16	7/16	3/4	1	1	1/16	1/16	1		1	55	G3	3	51
6	6	17	17	0.25	1/2	1/2	3/4	1	1	1/16	1/16	1		-1	53	F3	3	52
6	6	69/4	69/4	0.25	9/16	9/16	3/4	1	1	1/16	1/16	1		4	52	E3	3	53
6	6	35/2	35/2	0.25	5/8	5/8	3/4	1	1	1/16	1/16	1		1	55	G3	3	54
6	6	71/4	71/4	0.25	11/16	11/16	3/4	1	1	1/16	1/16	1		-2	46	Bb2	2	55
7	7	18	18	0.25	0	0	3/4	1	1	1/16	1/16	1		3	45	A2	2	56
7	7	73/4	73/4	0.25	1/16	1/16	3/4	1	1	1/16	1/16	1		0	48	C3	3	57
7	7	37/2	37/2	0.25	1/8	1/8	3/4	1	1	1/16	1/16	1		4	52	E3	3	58
7	7	75/4	75/4	0.25	3/16	3/16	3/4	1	1	1/16	1/16	1		1	55	G3	3	59
7	7	19	19	0.75	1/4	1/4	3/4	1	1	3/16	1/8	3/2		0	60	C4	4	60
7	7	79/4	79/4	0.25	7/16	7/16	3/4	1	1	1/16	1/16	1		-2	58	Bb3	3	61
7	7	20	20	0.25	1/2	1/2	3/4	1	1	1/16	1/16	1		3	57	A3	3	62
7	7	81/4	81/4	0.25	9/16	9/16	3/4	1	1	1/16	1/16	1		1	55	G3	3	63
7	7	41/2	41/2	0.25	5/8	5/8	3/4	1	1	1/16	1/16	1		-1	53	F3	3	64
7	7	83/4	83/4	0.25	11/16	11/16	3/4	1	1	1/16	1/16	1		4	52	E3	3	65
8	8	21	21	0.25	0	0	3/4	1	1	1/16	1/16	1		2	50	D3	3	66
8	8	85/4	85/4	0.25	1/16	1/16	3/4	1	1	1/16	1/16	1		-1	53	F3	3	67
8	8	43/2	43/2	0.25	1/8	1/8	3/4	1	1	1/16	1/16	1		3	57	A3	3	68
8	8	87/4	87/4	0.25	3/16	3/16	3/4	1	1	1/16	1/16	1		0	60	C4	4	69
8	8	22	22	0.25	1/4	1/4	3/4	1	1	1/16	1/16	1		-2	58	Bb3	3	70
8	8	89/4	89/4	0.25	5/16	5/16	3/4	1	1	1/16	1/16	1		1	55	G3	3	71
8	8	45/2	45/2	0.25	3/8	3/8	3/4	1	1	1/16	1/16	1		3	57	A3	3	72
8	8	91/4	91/4	0.25	7/16	7/16	3/4	1	1	1/16	1/16	1		-1	53	F3	3	73
8	8	23	23	0.25	1/2	1/2	3/4	1	1	1/16	1/16	1		4	52	E3	3	74
8	8	93/4	93/4	0.25	9/16	9/16	3/4	1	1	1/16	1/16	1		-1	53	F3	3	75
8	8	47/2	47/2	0.25	5/8	5/8	3/4	1	1	1/16	1/16	1		3	57	A3	3	76
8	8	95/4	95/4	0.25	11/16	11/16	3/4	1	1	1/16	1/16	1		-1	53	F3	3	77
9	9	24	24	0.25	0	0	3/4	1	1	1/16	1/16	1		1	43	G2	2	78
9	9	97/4	97/4	0.25	1/16	1/16	3/4	1	1	1/16	1/16	1		-2	46	Bb2	2	79
9	9	49/2	49/2	0.25	1/8	1/8	3/4	1	1	1/16	1/16	1		2	50	D3	3	80
9	9	99/4	99/4	0.25	3/16	3/16	3/4	1	1	1/16	1/16	1		-1	53	F3	3	81
9	9	25	25	0.75	1/4	1/4	3/4	1	1	3/16	1/8	3/2		-2	58	Bb3	3	82
9	9	103/4	103/4	0.25	7/16	7/16	3/4	1	1	1/16	1/16	1		3	57	A3	3	83
9	9	26	26	0.25	1/2	1/2	3/4	1	1	1/16	1/16	1		1	55	G3	3	84
9	9	105/4	105/4	0.25	9/16	9/16	3/4	1	1	1/16	1/16	1		-1	53	F3	3	85
9	9	53/2	53/2	0.25	5/8	5/8	3/4	1	1	1/16	1/16	1		4	52	E3	3	86
9	9	107/4	107/4	0.25	11/16	11/16	3/4	1	1	1/16	1/16	1		1	55	G3	3	87
10	10	27	27	0.25	0	0	3/4	1	1	1/16	1/16	1		3	45	A2	2	88
10	10	109/4	109/4	0.25	1/16	1/16	3/4	1	1	1/16	1/16	1		0	48	C3	3	89
10	10	55/2	55/2	0.25	1/8	1/8	3/4	1	1	1/16	1/16	1		4	52	E3	3	90
10	10	111/4	111/4	0.25	3/16	3/16	3/4	1	1	1/16	1/16	1		1	55	G3	3	91
10	10	28	28	0.25	1/4	1/4	3/4	1	1	1/16	1/16	1		0	60	C4	4	92
10	10	113/4	113/4	0.25	5/16	5/16	3/4	1	1	1/16	1/16	1		3	57	A3	3	93
10	10	57/2	57/2	0.25	3/8	3/8	3/4	1	1	1/16	1/16	1		4	52	E3	3	94
10	10	115/4	115/4	0.25	7/16	7/16	3/4	1	1	1/16	1/16	1		1	55	G3	3	95
10	10	29	29	0.25	1/2	1/2	3/4	1	1	1/16	1/16	1		-1	53	F3	3	96
10	10	117/4	117/4	0.25	9/16	9/16	3/4	1	1	1/16	1/16	1		3	57	A3	3	97
10	10	59/2	59/2	0.25	5/8	5/8	3/4	1	1	1/16	1/16	1		2	50	D3	3	98
10	10	119/4	119/4	0.25	11/16	11/16	3/4	1	1	1/16	1/16	1		-3	51	Eb3	3	99
11	11	30	30	0.25	0	0	3/4	1	1	1/16	1/16	1		2	50	D3	3	100
11	11	121/4	121/4	0.25	1/16	1/16	3/4	1	1	1/16	1/16	1		3	45	A2	2	101
11	11	61/2	61/2	0.25	1/8	1/8	3/4	1	1	1/16	1/16	1		-2	46	Bb2	2	102
11	11	123/4	123/4	0.25	3/16	3/16	3/4	1	1	1/16	1/16	1		2	50	D3	3	103
11	11	31	31	0.25	1/4	1/4	3/4	1	1	1/16	1/16	1		1	55	G3	3	104
11	11	125/4	125/4	0.25	5/16	5/16	3/4	1	1	1/16	1/16	1		-2	58	Bb3	3	105
11	11	63/2	63/2	0.25	3/8	3/8	3/4	1	1	1/16	1/16	1		3	57	A3	3	106
11	11	127/4	127/4	0.25	7/16	7/16	3/4	1	1	1/16	1/16	1		0	60	C4	4	107
11	11	32	32	0.25	1/2	1/2	3/4	1	1	1/16	1/16	1		-2	58	Bb3	3	108
11	11	129/4	129/4	0.25	9/16	9/16	3/4	1	1	1/16	1/16	1		1	55	G3	3	109
11	11	65/2	65/2	0.25	5/8	5/8	3/4	1	1	1/16	1/16	1		2	62	D4	4	110
11	11	131/4	131/4	0.25	11/16	11/16	3/4	1	1	1/16	1/16	1		-1	53	F3	3	111
12	12	33	33	0.25	0	0	3/4	1	1	1/16	1/16	1		4	52	E3	3	112
12	12	133/4	133/4	0.25	1/16	1/16	3/4	1	1	1/16	1/16	1		5	47	B2	2	113
12	12	67/2	67/2	0.25	1/8	1/8	3/4	1	1	1/16	1/16	1		0	48	C3	3	114
12	12	135/4	135/4	0.25	3/16	3/16	3/4	1	1	1/16	1/16	1		4	52	E3	3	115
12	12	34	34	0.25	1/4	1/4	3/4	1	1	1/16	1/16	1		1	55	G3	3	116
12	12	137/4	137/4	0.25	5/16	5/16	3/4	1	1	1/16	1/16	1		2	50	D3	3	117
12	12	69/2	69/2	0.25	3/8	3/8	3/4	1	1	1/16	1/16	1		4	52	E3	3	118
12	12	139/4	139/4	0.25	7/16	7/16	3/4	1	1	1/16	1/16	1		0	48	C3	3	119
12	12	35	35	0.25	1/2	1/2	3/4	1	1	1/16	1/16	1		-2	46	Bb2	2	120
12	12	141/4	141/4	0.25	9/16	9/16	3/4	1	1	1/16	1/16	1		1	43	G2	2	121
12	12	71/2	71/2	0.25	5/8	5/8	3/4	1	1	1/16	1/16	1		4	52	E3	3	122
12	12	143/4	143/4	0.25	11/16	11/16	3/4	1	1	1/16	1/16	1		-2	46	Bb2	2	123
13	13	36	36	0.5	0	0	3/4	1	1	1/8	1/8	1		-1	41	F2	2	124
13	13	73/2	73/2	0.5	1/8	1/8	3/4	1	1	1/8	1/8	1		3	45	A2	2	125
13	13	37	37	1.0	1/4	1/4	3/4	1	1	1/4	1/4	1	1	0	48	C3	3	126
13	13	38	38	0.25	1/2	1/2	3/4	1	1	1/16	1/16	1	-1	0	48	C3	3	127
13	13	153/4	153/4	0.25	9/16	9/16	3/4	1	1	1/16	1/16	1		-2	46	Bb2	2	128
13	13	77/2	77/2	0.25	5/8	5/8	3/4	1	1	1/16	1/16	1		3	45	A2	2	129
13	13	155/4	155/4	0.25	11/16	11/16	3/4	1	1	1/16	1/16	1		1	43	G2	2	130
14	14	39	39	0.25	0	0	3/4	1	1	1/16	1/16	1		6	42	F#2	2	131
14	14	157/4	157/4	0.25	1/16	1/16	3/4	1	1	1/16	1/16	1		3	45	A2	2	132
14	14	79/2	79/2	0.25	1/8	1/8	3/4	1	1	1/16	1/16	1		-2	46	Bb2	2	133
14	14	159/4	159/4	0.25	3/16	3/16	3/4	1	1	1/16	1/16	1		0	48	C3	3	134
14	14	40	40	0.25	1/4	1/4	3/4	1	1	1/16	1/16	1		2	38	D2	2	135
14	14	161/4	161/4	0.25	5/16	5/16	3/4	1	1	1/16	1/16	1		0	48	C3	3	136
14	14	81/2	81/2	0.25	3/8	3/8	3/4	1	1	1/16	1/16	1		-2	46	Bb2	2	137
14	14	163/4	163/4	0.25	7/16	7/16	3/4	1	1	1/16	1/16	1		3	45	A2	2	138
14	14	41	41	0.25	1/2	1/2	3/4	1	1	1/16	1/16	1		6	54	F#3	3	139
14	14	165/4	165/4	0.25	9/16	9/16	3/4	1	1	1/16	1/16	1		-3	51	Eb3	3	140
14	14	83/2	83/2	0.25	5/8	5/8	3/4	1	1	1/16	1/16	1		2	50	D3	3	141
14	14	167/4	167/4	0.25	11/16	11/16	3/4	1	1	1/16	1/16	1		0	48	C3	3	142
15	15	42	42	0.25	0	0	3/4	1	1	1/16	1/16	1		-2	46	Bb2	2	143
15	15	169/4	169/4	0.25	1/16	1/16	3/4	1	1	1/16	1/16	1		3	45	A2	2	144
15	15	85/2	85/2	0.25	1/8	1/8	3/4	1	1	1/16	1/16	1		1	43	G2	2	145
15	15	171/4	171/4	0.25	3/16	3/16	3/4	1	1	1/16	1/16	1		-2	46	Bb2	2	146
15	15	43	43	1.0	1/4	1/4	3/4	1	1	1/4	1/4	1	1	2	50	D3	3	147
15	15	44	44	0.25	1/2	1/2	3/4	1	1	1/16	1/16	1	-1	2	50	D3	3	148
15	15	177/4	177/4	0.25	9/16	9/16	3/4	1	1	1/16	1/16	1		0	48	C3	3	149
15	15	89/2	89/2	0.25	5/8	5/8	3/4	1	1	1/16	1/16	1		-2	46	Bb2	2	150
15	15	179/4	179/4	0.25	11/16	11/16	3/4	1	1	1/16	1/16	1		3	45	A2	2	151
16	16	45	45	0.25	0	0	3/4	1	1	1/16	1/16	1		8	44	G#2	2	152
16	16	181/4	181/4	0.25	1/16	1/16	3/4	1	1	1/16	1/16	1		5	47	B2	2	153
16	16	91/2	91/2	0.25	1/8	1/8	3/4	1	1	1/16	1/16	1		0	48	C3	3	154
16	16	183/4	183/4	0.25	3/16	3/16	3/4	1	1	1/16	1/16	1		2	50	D3	3	155
16	16	46	46	0.25	1/4	1/4	3/4	1	1	1/16	1/16	1		4	40	E2	2	156
16	16	185/4	185/4	0.25	5/16	5/16	3/4	1	1	1/16	1/16	1		2	50	D3	3	157
16	16	93/2	93/2	0.25	3/8	3/8	3/4	1	1	1/16	1/16	1		0	48	C3	3	158
16	16	187/4	187/4	0.25	7/16	7/16	3/4	1	1	1/16	1/16	1		5	47	B2	2	159
16	16	47	47	0.25	1/2	1/2	3/4	1	1	1/16	1/16	1		8	56	G#3	3	160
16	16	189/4	189/4	0.25	9/16	9/16	3/4	1	1	1/16	1/16	1		-1	53	F3	3	161
16	16	95/2	95/2	0.25	5/8	5/8	3/4	1	1	1/16	1/16	1		4	52	E3	3	162
16	16	191/4	191/4	0.25	11/16	11/16	3/4	1	1	1/16	1/16	1		2	50	D3	3	163
17	17	48	48	0.25	0	0	3/4	1	1	1/16	1/16	1		0	48	C3	3	164
17	17	193/4	193/4	0.25	1/16	1/16	3/4	1	1	1/16	1/16	1		5	47	B2	2	165
17	17	97/2	97/2	0.25	1/8	1/8	3/4	1	1	1/16	1/16	1		3	45	A2	2	166
17	17	195/4	195/4	0.25	3/16	3/16	3/4	1	1	1/16	1/16	1		0	48	C3	3	167
17	17	49	49	0.25	1/4	1/4	3/4	1	1	1/16	1/16	1		-1	53	F3	3	168
17	17	197/4	197/4	0.25	5/16	5/16	3/4	1	1	1/16	1/16	1		4	52	E3	3	169
17	17	99/2	99/2	0.25	3/8	3/8	3/4	1	1	1/16	1/16	1		-1	53	F3	3	170
17	17	199/4	199/4	0.25	7/16	7/16	3/4	1	1	1/16	1/16	1		8	56	G#3	3	171
17	17	50	50	0.25	1/2	1/2	3/4	1	1	1/16	1/16	1		3	57	A3	3	172
17	17	201/4	201/4	0.25	9/16	9/16	3/4	1	1	1/16	1/16	1		-1	53	F3	3	173
17	17	101/2	101/2	0.25	5/8	5/8	3/4	1	1	1/16	1/16	1		2	50	D3	3	174
17	17	203/4	203/4	0.25	11/16	11/16	3/4	1	1	1/16	1/16	1		0	48	C3	3	175
18	18	51	51	0.25	0	0	3/4	1	1	1/16	1/16	1		5	47	B2	2	176
18	18	205/4	205/4	0.25	1/16	1/16	3/4	1	1	1/16	1/16	1		2	50	D3	3	177
18	18	103/2	103/2	0.25	1/8	1/8	3/4	1	1	1/16	1/16	1		8	56	G#3	3	178
18	18	207/4	207/4	0.25	3/16	3/16	3/4	1	1	1/16	1/16	1		5	59	B3	3	179
18	18	52	52	0.75	1/4	1/4	3/4	1	1	3/16	1/8	3/2		2	62	D4	4	180
18	18	211/4	211/4	0.25	7/16	7/16	3/4	1	1	1/16	1/16	1		0	60	C4	4	181
18	18	53	53	0.25	1/2	1/2	3/4	1	1	1/16	1/16	1		5	59	B3	3	182
18	18	213/4	213/4	0.25	9/16	9/16	3/4	1	1	1/16	1/16	1		3	57	A3	3	183
18	18	107/2	107/2	0.25	5/8	5/8	3/4	1	1	1/16	1/16	1		8	56	G#3	3	184
18	18	215/4	215/4	0.25	11/16	11/16	3/4	1	1	1/16	1/16	1		3	57	A3	3	185
19	19	54	54	0.25	0	0	3/4	1	1	1/16	1/16	1		0	48	C3	3	186
19	19	217/4	217/4	0.25	1/16	1/16	3/4	1	1	1/16	1/16	1		4	52	E3	3	187
19	19	109/2	109/2	0.25	1/8	1/8	3/4	1	1	1/16	1/16	1		3	57	A3	3	188
19	19	219/4	219/4	0.25	3/16	3/16	3/4	1	1	1/16	1/16	1		0	60	C4	4	189
19	19	55	55	0.75	1/4	1/4	3/4	1	1	3/16	1/8	3/2		4	64	E4	4	190
19	19	223/4	223/4	0.25	7/16	7/16	3/4	1	1	1/16	1/16	1		0	60	C4	4	191
19	19	56	56	0.25	1/2	1/2	3/4	1	1	1/16	1/16	1		5	59	B3	3	192
19	19	225/4	225/4	0.25	9/16	9/16	3/4	1	1	1/16	1/16	1		3	57	A3	3	193
19	19	113/2	113/2	0.25	5/8	5/8	3/4	1	1	1/16	1/16	1		8	56	G#3	3	194
19	19	227/4	227/4	0.25	11/16	11/16	3/4	1	1	1/16	1/16	1		3	57	A3	3	195
20	20	57	57	0.25	0	0	3/4	1	1	1/16	1/16	1		2	50	D3	3	196
20	20	229/4	229/4	0.25	1/16	1/16	3/4	1	1	1/16	1/16	1		-1	53	F3	3	197
20	20	115/2	115/2	0.25	1/8	1/8	3/4	1	1	1/16	1/16	1		3	57	A3	3	198
20	20	231/4	231/4	0.25	3/16	3/16	3/4	1	1	1/16	1/16	1		2	62	D4	4	199
20	20	58	58	0.75	1/4	1/4	3/4	1	1	3/16	1/8	3/2		-1	65	F4	4	200
20	20	235/4	235/4	0.25	7/16	7/16	3/4	1	1	1/16	1/16	1		4	64	E4	4	201
20	20	59	59	0.25	1/2	1/2	3/4	1	1	1/16	1/16	1		2	62	D4	4	202
20	20	237/4	237/4	0.25	9/16	9/16	3/4	1	1	1/16	1/16	1		0	60	C4	4	203
20	20	119/2	119/2	0.25	5/8	5/8	3/4	1	1	1/16	1/16	1		5	59	B3	3	204
20	20	239/4	239/4	0.25	11/16	11/16	3/4	1	1	1/16	1/16	1		2	62	D4	4	205
21	21	60	60	0.25	0	0	3/4	1	1	1/16	1/16	1		4	52	E3	3	206
21	21	241/4	241/4	0.25	1/16	1/16	3/4	1	1	1/16	1/16	1		2	62	D4	4	207
21	21	121/2	121/2	0.25	1/8	1/8	3/4	1	1	1/16	1/16	1		0	60	C4	4	208
21	21	243/4	243/4	0.25	3/16	3/16	3/4	1	1	1/16	1/16	1		5	59	B3	3	209
21	21	61	61	0.25	1/4	1/4	3/4	1	1	1/16	1/16	1		3	57	A3	3	210
21	21	245/4	245/4	0.25	5/16	5/16	3/4	1	1	1/16	1/16	1		0	60	C4	4	211
21	21	123/2	123/2	0.25	3/8	3/8	3/4	1	1	1/16	1/16	1		5	59	B3	3	212
21	21	247/4	247/4	0.25	7/16	7/16	3/4	1	1	1/16	1/16	1		3	57	A3	3	213
21	21	62	62	0.25	1/2	1/2	3/4	1	1	1/16	1/16	1		2	50	D3	3	214
21	21	249/4	249/4	0.25	9/16	9/16	3/4	1	1	1/16	1/16	1		5	59	B3	3	215
21	21	125/2	125/2	0.25	5/8	5/8	3/4	1	1	1/16	1/16	1		3	57	A3	3	216
21	21	251/4	251/4	0.25	11/16	11/16	3/4	1	1	1/16	1/16	1		8	56	G#3	3	217
22	22	63	63	0.25	0	0	3/4	1	1	1/16	1/16	1		0	48	C3	3	218
22	22	253/4	253/4	0.25	1/16	1/16	3/4	1	1	1/16	1/16	1		3	57	A3	3	219
22	22	127/2	127/2	0.25	1/8	1/8	3/4	1	1	1/16	1/16	1		1	55	G3	3	220
22	22	255/4	255/4	0.25	3/16	3/16	3/4	1	1	1/16	1/16	1		-1	53	F3	3	221
22	22	64	64	0.25	1/4	1/4	3/4	1	1	1/16	1/16	1		7	49	C#3	3	222
22	22	257/4	257/4	0.25	5/16	5/16	3/4	1	1	1/16	1/16	1		1	55	G3	3	223
22	22	129/2	129/2	0.25	3/8	3/8	3/4	1	1	1/16	1/16	1		-1	53	F3	3	224
22	22	259/4	259/4	0.25	7/16	7/16	3/4	1	1	1/16	1/16	1		4	52	E3	3	225
22	22	65	65	0.25	1/2	1/2	3/4	1	1	1/16	1/16	1		2	50	D3	3	226
22	22	261/4	261/4	0.25	9/16	9/16	3/4	1	1	1/16	1/16	1		-1	53	F3	3	227
22	22	131/2	131/2	0.25	5/8	5/8	3/4	1	1	1/16	1/16	1		4	52	E3	3	228
22	22	263/4	263/4	0.25	11/16	11/16	3/4	1	1	1/16	1/16	1		2	50	D3	3	229
23	23	66	66	0.25	0	0	3/4	1	1	1/16	1/16	1		8	44	G#2	2	230
23	23	265/4	265/4	0.25	1/16	1/16	3/4	1	1	1/16	1/16	1		2	50	D3	3	231
23	23	133/2	133/2	0.25	1/8	1/8	3/4	1	1	1/16	1/16	1		4	52	E3	3	232
23	23	267/4	267/4	0.25	3/16	3/16	3/4	1	1	1/16	1/16	1		-1	53	F3	3	233
23	23	67	67	0.25	1/4	1/4	3/4	1	1	1/16	1/16	1		5	59	B3	3	234
23	23	269/4	269/4	0.25	5/16	5/16	3/4	1	1	1/16	1/16	1		-1	53	F3	3	235
23	23	135/2	135/2	0.25	3/8	3/8	3/4	1	1	1/16	1/16	1		4	52	E3	3	236
23	23	271/4	271/4	0.25	7/16	7/16	3/4	1	1	1/16	1/16	1		2	50	D3	3	237
23	23	68	68	0.25	1/2	1/2	3/4	1	1	1/16	1/16	1		8	44	G#2	2	238
23	23	273/4	273/4	0.25	9/16	9/16	3/4	1	1	1/16	1/16	1		2	50	D3	3	239
23	23	137/2	137/2	0.25	5/8	5/8	3/4	1	1	1/16	1/16	1		0	48	C3	3	240
23	23	275/4	275/4	0.25	11/16	11/16	3/4	1	1	1/16	1/16	1		5	47	B2	2	241
24	24	69	69	0.25	0	0	3/4	1	1	1/16	1/16	1		3	45	A2	2	242
24	24	277/4	277/4	0.25	1/16	1/16	3/4	1	1	1/16	1/16	1		5	47	B2	2	243
24	24	139/2	139/2	0.25	1/8	1/8	3/4	1	1	1/16	1/16	1		0	48	C3	3	244
24	24	279/4	279/4	0.25	3/16	3/16	3/4	1	1	1/16	1/16	1		4	52	E3	3	245
24	24	70	70	0.25	1/4	1/4	3/4	1	1	1/16	1/16	1		3	57	A3	3	246
24	24	281/4	281/4	0.25	5/16	5/16	3/4	1	1	1/16	1/16	1		5	59	B3	3	247
24	24	141/2	141/2	0.25	3/8	3/8	3/4	1	1	1/16	1/16	1		0	60	C4	4	248
24	24	283/4	283/4	0.25	7/16	7/16	3/4	1	1	1/16	1/16	1		3	57	A3	3	249
24	24	71	71	0.25	1/2	1/2	3/4	1	1	1/16	1/16	1		4	52	E3	3	250
24	24	285/4	285/4	0.25	9/16	9/16	3/4	1	1	1/16	1/16	1		0	48	C3	3	251
24	24	143/2	143/2	0.25	5/8	5/8	3/4	1	1	1/16	1/16	1		3	45	A2	2	252
24	24	287/4	287/4	0.25	11/16	11/16	3/4	1	1	1/16	1/16	1		1	43	G2	2	253
25	25	72	72	0.25	0	0	3/4	1	1	1/16	1/16	1		6	42	F#2	2	254
25	25	289/4	289/4	0.25	1/16	1/16	3/4	1	1	1/16	1/16	1		3	45	A2	2	255
25	25	145/2	145/2	0.25	1/8	1/8	3/4	1	1	1/16	1/16	1		0	48	C3	3	256
25	25	291/4	291/4	0.25	3/16	3/16	3/4	1	1	1/16	1/16	1		2	50	D3	3	257
25	25	73	73	0.75	1/4	1/4	3/4	1	1	3/16	1/8	3/2		-3	51	Eb3	3	258
25	25	295/4	295/4	0.25	7/16	7/16	3/4	1	1	1/16	1/16	1		2	50	D3	3	259
25	25	74	74	0.25	1/2	1/2	3/4	1	1	1/16	1/16	1		0	48	C3	3	260
25	25	297/4	297/4	0.25	9/16	9/16	3/4	1	1	1/16	1/16	1		-2	46	Bb2	2	261
25	25	149/2	149/2	0.25	5/8	5/8	3/4	1	1	1/16	1/16	1		0	48	C3	3	262
25	25	299/4	299/4	0.25	11/16	11/16	3/4	1	1	1/16	1/16	1		3	57	A3	3	263
26	26	75	75	0.25	0	0	3/4	1	1	1/16	1/16	1		-2	46	Bb2	2	264
26	26	301/4	301/4	0.25	1/16	1/16	3/4	1	1	1/16	1/16	1		3	45	A2	2	265
26	26	151/2	151/2	0.25	1/8	1/8	3/4	1	1	1/16	1/16	1		-2	46	Bb2	2	266
26	26	303/4	303/4	0.25	3/16	3/16	3/4	1	1	1/16	1/16	1		2	50	D3	3	267
26	26	76	76	0.25	1/4	1/4	3/4	1	1	1/16	1/16	1		1	43	G2	2	268
26	26	305/4	305/4	0.25	5/16	5/16	3/4	1	1	1/16	1/16	1		-3	51	Eb3	3	269
26	26	153/2	153/2	0.25	3/8	3/8	3/4	1	1	1/16	1/16	1		-1	53	F3	3	270
26	26	307/4	307/4	0.25	7/16	7/16	3/4	1	1	1/16	1/16	1		1	55	G3	3	271
26	26	77	77	0.25	1/2	1/2	3/4	1	1	1/16	1/16	1		3	45	A2	2	272
26	26	309/4	309/4	0.25	9/16	9/16	3/4	1	1	1/16	1/16	1		1	55	G3	3	273
26	26	155/2	155/2	0.25	5/8	5/8	3/4	1	1	1/16	1/16	1		-1	53	F3	3	274
26	26	311/4	311/4	0.25	11/16	11/16	3/4	1	1	1/16	1/16	1		-3	51	Eb3	3	275
27	27	78	78	0.25	0	0	3/4	1	1	1/16	1/16	1		2	50	D3	3	276
27	27	313/4	313/4	0.25	1/16	1/16	3/4	1	1	1/16	1/16	1		0	48	C3	3	277
27	27	157/2	157/2	0.25	1/8	1/8	3/4	1	1	1/16	1/16	1		2	50	D3	3	278
27	27	315/4	315/4	0.25	3/16	3/16	3/4	1	1	1/16	1/16	1		-1	53	F3	3	279
27	27	79	79	0.25	1/4	1/4	3/4	1	1	1/16	1/16	1		-2	46	Bb2	2	280
27	27	317/4	317/4	0.25	5/16	5/16	3/4	1	1	1/16	1/16	1		1	55	G3	3	281
27	27	159/2	159/2	0.25	3/8	3/8	3/4	1	1	1/16	1/16	1		3	57	A3	3	282
27	27	319/4	319/4	0.25	7/16	7/16	3/4	1	1	1/16	1/16	1		-2	58	Bb3	3	283
27	27	80	80	0.25	1/2	1/2	3/4	1	1	1/16	1/16	1		7	49	C#3	3	284
27	27	321/4	321/4	0.25	9/16	9/16	3/4	1	1	1/16	1/16	1		-2	58	Bb3	3	285
27	27	161/2	161/2	0.25	5/8	5/8	3/4	1	1	1/16	1/16	1		3	57	A3	3	286
27	27	323/4	323/4	0.25	11/16	11/16	3/4	1	1	1/16	1/16	1		1	55	G3	3	287
28	28	81	81	0.25	0	0	3/4	1	1	1/16	1/16	1		-1	53	F3	3	288
28	28	325/4	325/4	0.25	1/16	1/16	3/4	1	1	1/16	1/16	1		4	52	E3	3	289
28	28	163/2	163/2	0.25	1/8	1/8	3/4	1	1	1/16	1/16	1		-1	53	F3	3	290
28	28	327/4	327/4	0.25	3/16	3/16	3/4	1	1	1/16	1/16	1		3	57	A3	3	291
28	28	82	82	0.25	1/4	1/4	3/4	1	1	1/16	1/16	1		2	50	D3	3	292
28	28	329/4	329/4	0.25	5/16	5/16	3/4	1	1	1/16	1/16	1		-2	58	Bb3	3	293
28	28	165/2	165/2	0.25	3/8	3/8	3/4	1	1	1/16	1/16	1		0	60	C4	4	294
28	28	331/4	331/4	0.25	7/16	7/16	3/4	1	1	1/16	1/16	1		2	62	D4	4	295
28	28	83	83	0.25	1/2	1/2	3/4	1	1	1/16	1/16	1		4	52	E3	3	296
28	28	333/4	333/4	0.25	9/16	9/16	3/4	1	1	1/16	1/16	1		2	62	D4	4	297
28	28	167/2	167/2	0.25	5/8	5/8	3/4	1	1	1/16	1/16	1		0	60	C4	4	298
28	28	335/4	335/4	0.25	11/16	11/16	3/4	1	1	1/16	1/16	1		-2	58	Bb3	3	299
29	29	84	84	0.25	0	0	3/4	1	1	1/16	1/16	1		3	57	A3	3	300
29	29	337/4	337/4	0.25	1/16	1/16	3/4	1	1	1/16	1/16	1		1	55	G3	3	301
29	29	169/2	169/2	0.25	1/8	1/8	3/4	1	1	1/16	1/16	1		3	57	A3	3	302
29	29	339/4	339/4	0.25	3/16	3/16	3/4	1	1	1/16	1/16	1		0	60	C4	4	303
29	29	85	85	0.25	1/4	1/4	3/4	1	1	1/16	1/16	1		-1	53	F3	3	304
29	29	341/4	341/4	0.25	5/16	5/16	3/4	1	1	1/16	1/16	1		2	62	D4	4	305
29	29	171/2	171/2	0.25	3/8	3/8	3/4	1	1	1/16	1/16	1		4	64	E4	4	306
29	29	343/4	343/4	0.25	7/16	7/16	3/4	1	1	1/16	1/16	1		-1	65	F4	4	307
29	29	86	86	0.25	1/2	1/2	3/4	1	1	1/16	1/16	1		1	55	G3	3	308
29	29	345/4	345/4	0.25	9/16	9/16	3/4	1	1	1/16	1/16	1		-1	65	F4	4	309
29	29	173/2	173/2	0.25	5/8	5/8	3/4	1	1	1/16	1/16	1		4	64	E4	4	310
29	29	347/4	347/4	0.25	11/16	11/16	3/4	1	1	1/16	1/16	1		2	62	D4	4	311
30	30	87	87	0.25	0	0	3/4	1	1	1/16	1/16	1		7	61	C#4	4	312
30	30	349/4	349/4	0.25	1/16	1/16	3/4	1	1	1/16	1/16	1		1	55	G3	3	313
30	30	175/2	175/2	0.25	1/8	1/8	3/4	1	1	1/16	1/16	1		-1	53	F3	3	314
30	30	351/4	351/4	0.25	3/16	3/16	3/4	1	1	1/16	1/16	1		4	52	E3	3	315
30	30	88	88	0.25	1/4	1/4	3/4	1	1	1/16	1/16	1		3	45	A2	2	316
30	30	353/4	353/4	0.25	5/16	5/16	3/4	1	1	1/16	1/16	1		4	52	E3	3	317
30	30	177/2	177/2	0.25	3/8	3/8	3/4	1	1	1/16	1/16	1		-1	53	F3	3	318
30	30	355/4	355/4	0.25	7/16	7/16	3/4	1	1	1/16	1/16	1		1	55	G3	3	319
30	30	89	89	0.25	1/2	1/2	3/4	1	1	1/16	1/16	1		7	61	C#4	4	320
30	30	357/4	357/4	0.25	9/16	9/16	3/4	1	1	1/16	1/16	1		-2	58	Bb3	3	321
30	30	179/2	179/2	0.25	5/8	5/8	3/4	1	1	1/16	1/16	1		3	57	A3	3	322
30	30	359/4	359/4	0.25	11/16	11/16	3/4	1	1	1/16	1/16	1		1	55	G3	3	323
31	31	90	90	0.25	0	0	3/4	1	1	1/16	1/16	1		-1	53	F3	3	324
31	31	361/4	361/4	0.25	1/16	1/16	3/4	1	1	1/16	1/16	1		1	55	G3	3	325
31	31	181/2	181/2	0.25	1/8	1/8	3/4	1	1	1/16	1/16	1		3	57	A3	3	326
31	31	363/4	363/4	0.25	3/16	3/16	3/4	1	1	1/16	1/16	1		7	61	C#4	4	327
31	31	91	91	0.25	1/4	1/4	3/4	1	1	1/16	1/16	1		2	62	D4	4	328
31	31	365/4	365/4	0.25	5/16	5/16	3/4	1	1	1/16	1/16	1		3	57	A3	3	329
31	31	183/2	183/2	0.25	3/8	3/8	3/4	1	1	1/16	1/16	1		1	55	G3	3	330
31	31	367/4	367/4	0.25	7/16	7/16	3/4	1	1	1/16	1/16	1		-1	53	F3	3	331
31	31	92	92	0.25	1/2	1/2	3/4	1	1	1/16	1/16	1		3	57	A3	3	332
31	31	369/4	369/4	0.25	9/16	9/16	3/4	1	1	1/16	1/16	1		-1	53	F3	3	333
31	31	185/2	185/2	0.25	5/8	5/8	3/4	1	1	1/16	1/16	1		4	52	E3	3	334
31	31	371/4	371/4	0.25	11/16	11/16	3/4	1	1	1/16	1/16	1		2	50	D3	3	335
32	32	93	93	0.25	0	0	3/4	1	1	1/16	1/16	1		8	56	G#3	3	336
32	32	373/4	373/4	0.25	1/16	1/16	3/4	1	1	1/16	1/16	1		2	50	D3	3	337
32	32	187/2	187/2	0.25	1/8	1/8	3/4	1	1	1/16	1/16	1		4	52	E3	3	338
32	32	375/4	375/4	0.25	3/16	3/16	3/4	1	1	1/16	1/16	1		-1	53	F3	3	339
32	32	94	94	0.25	1/4	1/4	3/4	1	1	1/16	1/16	1		3	45	A2	2	340
32	32	377/4	377/4	0.25	5/16	5/16	3/4	1	1	1/16	1/16	1		-1	53	F3	3	341
32	32	189/2	189/2	0.25	3/8	3/8	3/4	1	1	1/16	1/16	1		4	52	E3	3	342
32	32	379/4	379/4	0.25	7/16	7/16	3/4	1	1	1/16	1/16	1		2	50	D3	3	343
32	32	95	95	0.25	1/2	1/2	3/4	1	1	1/16	1/16	1		8	56	G#3	3	344
32	32	381/4	381/4	0.25	9/16	9/16	3/4	1	1	1/16	1/16	1		-1	53	F3	3	345
32	32	191/2	191/2	0.25	5/8	5/8	3/4	1	1	1/16	1/16	1		4	52	E3	3	346
32	32	383/4	383/4	0.25	11/16	11/16	3/4	1	1	1/16	1/16	1		2	50	D3	3	347
33	33	96	96	0.25	0	0	3/4	1	1	1/16	1/16	1		7	49	C#3	3	348
33	33	385/4	385/4	0.25	1/16	1/16	3/4	1	1	1/16	1/16	1		5	47	B2	2	349
33	33	193/2	193/2	0.25	1/8	1/8	3/4	1	1	1/16	1/16	1		7	49	C#3	3	350
33	33	387/4	387/4	0.25	3/16	3/16	3/4	1	1	1/16	1/16	1		4	52	E3	3	351
33	33	97	97	0.25	1/4	1/4	3/4	1	1	1/16	1/16	1		3	57	A3	3	352
33	33	389/4	389/4	0.25	5/16	5/16	3/4	1	1	1/16	1/16	1		4	52	E3	3	353
33	33	195/2	195/2	0.25	3/8	3/8	3/4	1	1	1/16	1/16	1		7	49	C#3	3	354
33	33	391/4	391/4	0.25	7/16	7/16	3/4	1	1	1/16	1/16	1		4	52	E3	3	355
33	33	98	98	0.25	1/2	1/2	3/4	1	1	1/16	1/16	1		3	45	A2	2	356
33	33	393/4	393/4	0.25	9/16	9/16	3/4	1	1	1/16	1/16	1		1	55	G3	3	357
33	33	197/2	197/2	0.25	5/8	5/8	3/4	1	1	1/16	1/16	1		-1	53	F3	3	358
33	33	395/4	395/4	0.25	11/16	11/16	3/4	1	1	1/16	1/16	1		4	52	E3	3	359
34	34	99	99	0.25	0	0	3/4	1	1	1/16	1/16	1		-1	53	F3	3	360
34	34	397/4	397/4	0.25	1/16	1/16	3/4	1	1	1/16	1/16	1		4	52	E3	3	361
34	34	199/2	199/2	0.25	1/8	1/8	3/4	1	1	1/16	1/16	1		-1	53	F3	3	362
34	34	399/4	399/4	0.25	3/16	3/16	3/4	1	1	1/16	1/16	1		3	57	A3	3	363
34	34	100	100	0.25	1/4	1/4	3/4	1	1	1/16	1/16	1		2	62	D4	4	364
34	34	401/4	401/4	0.25	5/16	5/16	3/4	1	1	1/16	1/16	1		3	57	A3	3	365
34	34	201/2	201/2	0.25	3/8	3/8	3/4	1	1	1/16	1/16	1		-1	53	F3	3	366
34	34	403/4	403/4	0.25	7/16	7/16	3/4	1	1	1/16	1/16	1		3	57	A3	3	367
34	34	101	101	0.25	1/2	1/2	3/4	1	1	1/16	1/16	1		2	50	D3	3	368
34	34	405/4	405/4	0.25	9/16	9/16	3/4	1	1	1/16	1/16	1		0	60	C4	4	369
34	34	203/2	203/2	0.25	5/8	5/8	3/4	1	1	1/16	1/16	1		-2	58	Bb3	3	370
34	34	407/4	407/4	0.25	11/16	11/16	3/4	1	1	1/16	1/16	1		3	57	A3	3	371
35	35	102	102	0.25	0	0	3/4	1	1	1/16	1/16	1		1	55	G3	3	372
35	35	409/4	409/4	0.25	1/16	1/16	3/4	1	1	1/16	1/16	1		-1	53	F3	3	373
35	35	205/2	205/2	0.25	1/8	1/8	3/4	1	1	1/16	1/16	1		1	55	G3	3	374
35	35	411/4	411/4	0.25	3/16	3/16	3/4	1	1	1/16	1/16	1		7	61	C#4	4	375
35	35	103	103	0.25	1/4	1/4	3/4	1	1	1/16	1/16	1		4	64	E4	4	376
35	35	413/4	413/4	0.25	5/16	5/16	3/4	1	1	1/16	1/16	1		7	61	C#4	4	377
35	35	207/2	207/2	0.25	3/8	3/8	3/4	1	1	1/16	1/16	1		1	55	G3	3	378
35	35	415/4	415/4	0.25	7/16	7/16	3/4	1	1	1/16	1/16	1		7	61	C#4	4	379
35	35	104	104	0.25	1/2	1/2	3/4	1	1	1/16	1/16	1		3	45	A2	2	380
35	35	417/4	417/4	0.25	9/16	9/16	3/4	1	1	1/16	1/16	1		1	55	G3	3	381
35	35	209/2	209/2	0.25	5/8	5/8	3/4	1	1	1/16	1/16	1		-1	53	F3	3	382
35	35	419/4	419/4	0.25	11/16	11/16	3/4	1	1	1/16	1/16	1		4	52	E3	3	383
36	36	105	105	0.25	0	0	3/4	1	1	1/16	1/16	1		2	50	D3	3	384
36	36	421/4	421/4	0.25	1/16	1/16	3/4	1	1	1/16	1/16	1		3	57	A3	3	385
36	36	211/2	211/2	0.25	1/8	1/8	3/4	1	1	1/16	1/16	1		2	62	D4	4	386
36	36	423/4	423/4	0.25	3/16	3/16	3/4	1	1	1/16	1/16	1		4	64	E4	4	387
36	36	106	106	0.25	1/4	1/4	3/4	1	1	1/16	1/16	1		-1	65	F4	4	388
36	36	425/4	425/4	0.25	5/16	5/16	3/4	1	1	1/16	1/16	1		2	62	D4	4	389
36	36	213/2	213/2	0.25	3/8	3/8	3/4	1	1	1/16	1/16	1		3	57	A3	3	390
36	36	427/4	427/4	0.25	7/16	7/16	3/4	1	1	1/16	1/16	1		-1	53	F3	3	391
36	36	107	107	0.25	1/2	1/2	3/4	1	1	1/16	1/16	1		2	50	D3	3	392
36	36	429/4	429/4	0.25	9/16	9/16	3/4	1	1	1/16	1/16	1		0	60	C4	4	393
36	36	215/2	215/2	0.25	5/8	5/8	3/4	1	1	1/16	1/16	1		-2	58	Bb3	3	394
36	36	431/4	431/4	0.25	11/16	11/16	3/4	1	1	1/16	1/16	1		3	57	A3	3	395
37	37	108	108	0.25	0	0	3/4	1	1	1/16	1/16	1		1	55	G3	3	396
37	37	433/4	433/4	0.25	1/16	1/16	3/4	1	1	1/16	1/16	1		3	57	A3	3	397
37	37	217/2	217/2	0.25	1/8	1/8	3/4	1	1	1/16	1/16	1		-2	58	Bb3	3	398
37	37	435/4	435/4	0.25	3/16	3/16	3/4	1	1	1/16	1/16	1		2	50	D3	3	399
37	37	109	109	0.25	1/4	1/4	3/4	1	1	1/16	1/16	1		-3	51	Eb3	3	400
37	37	437/4	437/4	0.25	5/16	5/16	3/4	1	1	1/16	1/16	1		-1	53	F3	3	401
37	37	219/2	219/2	0.25	3/8	3/8	3/4	1	1	1/16	1/16	1		1	55	G3	3	402
37	37	439/4	439/4	0.25	7/16	7/16	3/4	1	1	1/16	1/16	1		3	57	A3	3	403
37	37	110	110	0.25	1/2	1/2	3/4	1	1	1/16	1/16	1		-2	58	Bb3	3	404
37	37	441/4	441/4	0.25	9/16	9/16	3/4	1	1	1/16	1/16	1		1	55	G3	3	405
37	37	221/2	221/2	0.25	5/8	5/8	3/4	1	1	1/16	1/16	1		-3	63	Eb4	4	406
37	37	443/4	443/4	0.25	11/16	11/16	3/4	1	1	1/16	1/16	1		1	55	G3	3	407
38	38	111	111	0.25	0	0	3/4	1	1	1/16	1/16	1		-1	53	F3	3	408
38	38	445/4	445/4	0.25	1/16	1/16	3/4	1	1	1/16	1/16	1		1	55	G3	3	409
38	38	223/2	223/2	0.25	1/8	1/8	3/4	1	1	1/16	1/16	1		3	57	A3	3	410
38	38	447/4	447/4	0.25	3/16	3/16	3/4	1	1	1/16	1/16	1		7	49	C#3	3	411
38	38	112	112	0.25	1/4	1/4	3/4	1	1	1/16	1/16	1		2	50	D3	3	412
38	38	449/4	449/4	0.25	5/16	5/16	3/4	1	1	1/16	1/16	1		4	52	E3	3	413
38	38	225/2	225/2	0.25	3/8	3/8	3/4	1	1	1/16	1/16	1		-1	53	F3	3	414
38	38	451/4	451/4	0.25	7/16	7/16	3/4	1	1	1/16	1/16	1		1	55	G3	3	415
38	38	113	113	0.25	1/2	1/2	3/4	1	1	1/16	1/16	1		3	57	A3	3	416
38	38	453/4	453/4	0.25	9/16	9/16	3/4	1	1	1/16	1/16	1		-1	53	F3	3	417
38	38	227/2	227/2	0.25	5/8	5/8	3/4	1	1	1/16	1/16	1		2	62	D4	4	418
38	38	455/4	455/4	0.25	11/16	11/16	3/4	1	1	1/16	1/16	1		-1	53	F3	3	419
39	39	114	114	0.25	0	0	3/4	1	1	1/16	1/16	1		4	52	E3	3	420
39	39	457/4	457/4	0.25	1/16	1/16	3/4	1	1	1/16	1/16	1		-1	53	F3	3	421
39	39	229/2	229/2	0.25	1/8	1/8	3/4	1	1	1/16	1/16	1		1	55	G3	3	422
39	39	459/4	459/4	0.25	3/16	3/16	3/4	1	1	1/16	1/16	1		-2	46	Bb2	2	423
39	39	115	115	0.25	1/4	1/4	3/4	1	1	1/16	1/16	1		3	45	A2	2	424
39	39	461/4	461/4	0.25	5/16	5/16	3/4	1	1	1/16	1/16	1		5	47	B2	2	425
39	39	231/2	231/2	0.25	3/8	3/8	3/4	1	1	1/16	1/16	1		7	49	C#3	3	426
39	39	463/4	463/4	0.25	7/16	7/16	3/4	1	1	1/16	1/16	1		2	50	D3	3	427
39	39	116	116	0.25	1/2	1/2	3/4	1	1	1/16	1/16	1		4	52	E3	3	428
39	39	465/4	465/4	0.25	9/16	9/16	3/4	1	1	1/16	1/16	1		-2	46	Bb2	2	429
39	39	233/2	233/2	0.25	5/8	5/8	3/4	1	1	1/16	1/16	1		1	55	G3	3	430
39	39	467/4	467/4	0.25	11/16	11/16	3/4	1	1	1/16	1/16	1		-2	46	Bb2	2	431
40	40	117	117	0.5	0	0	3/4	1	1	1/8	1/8	1		7	37	C#2	2	432
40	40	235/2	235/2	0.5	1/8	1/8	3/4	1	1	1/8	1/8	1		3	45	A2	2	433
40	40	118	118	1.0	1/4	1/4	3/4	1	1	1/4	1/4	1	1	1	55	G3	3	434
40	40	119	119	0.25	1/2	1/2	3/4	1	1	1/16	1/16	1	-1	1	55	G3	3	435
40	40	477/4	477/4	0.25	9/16	9/16	3/4	1	1	1/16	1/16	1		-2	58	Bb3	3	436
40	40	239/2	239/2	0.25	5/8	5/8	3/4	1	1	1/16	1/16	1		3	57	A3	3	437
40	40	479/4	479/4	0.25	11/16	11/16	3/4	1	1	1/16	1/16	1		1	55	G3	3	438
41	41	120	120	0.25	0	0	3/4	1	1	1/16	1/16	1		-1	53	F3	3	439
41	41	481/4	481/4	0.25	1/16	1/16	3/4	1	1	1/16	1/16	1		4	52	E3	3	440
41	41	241/2	241/2	0.25	1/8	1/8	3/4	1	1	1/16	1/16	1		2	50	D3	3	441
41	41	483/4	483/4	0.25	3/16	3/16	3/4	1	1	1/16	1/16	1		4	52	E3	3	442
41	41	121	121	0.25	1/4	1/4	3/4	1	1	1/16	1/16	1		-1	53	F3	3	443
41	41	485/4	485/4	0.25	5/16	5/16	3/4	1	1	1/16	1/16	1		2	50	D3	3	444
41	41	243/2	243/2	0.25	3/8	3/8	3/4	1	1	1/16	1/16	1		3	57	A3	3	445
41	41	487/4	487/4	0.25	7/16	7/16	3/4	1	1	1/16	1/16	1		-1	53	F3	3	446
41	41	122	122	0.25	1/2	1/2	3/4	1	1	1/16	1/16	1		2	62	D4	4	447
41	41	489/4	489/4	0.25	9/16	9/16	3/4	1	1	1/16	1/16	1		3	57	A3	3	448
41	41	245/2	245/2	0.25	5/8	5/8	3/4	1	1	1/16	1/16	1		-1	53	F3	3	449
41	41	491/4	491/4	0.25	11/16	11/16	3/4	1	1	1/16	1/16	1		2	50	D3	3	450
42	42	123	123	0.5	0	0	3/4	1	1	1/8	1/8	1		8	44	G#2	2	451
42	42	247/2	247/2	0.5	1/8	1/8	3/4	1	1	1/8	1/8	1		-1	53	F3	3	452
42	42	124	124	1.0	1/4	1/4	3/4	1	1	1/4	1/4	1	1	2	62	D4	4	453
42	42	125	125	0.25	1/2	1/2	3/4	1	1	1/16	1/16	1	-1	2	62	D4	4	454
42	42	501/4	501/4	0.25	9/16	9/16	3/4	1	1	1/16	1/16	1		-1	65	F4	4	455
42	42	251/2	251/2	0.25	5/8	5/8	3/4	1	1	1/16	1/16	1		4	64	E4	4	456
42	42	503/4	503/4	0.25	11/16	11/16	3/4	1	1	1/16	1/16	1		2	62	D4	4	457
43	43	126	126	0.25	0	0	3/4	1	1	1/16	1/16	1		7	61	C#4	4	458
43	43	505/4	505/4	0.25	1/16	1/16	3/4	1	1	1/16	1/16	1		5	59	B3	3	459
43	43	253/2	253/2	0.25	1/8	1/8	3/4	1	1	1/16	1/16	1		3	57	A3	3	460
43	43	507/4	507/4	0.25	3/16	3/16	3/4	1	1	1/16	1/16	1		5	59	B3	3	461
43	43	127	127	0.25	1/4	1/4	3/4	1	1	1/16	1/16	1		7	61	C#4	4	462
43	43	509/4	509/4	0.25	5/16	5/16	3/4	1	1	1/16	1/16	1		3	57	A3	3	463
43	43	255/2	255/2	0.25	3/8	3/8	3/4	1	1	1/16	1/16	1		2	62	D4	4	464
43	43	511/4	511/4	0.25	7/16	7/16	3/4	1	1	1/16	1/16	1		3	57	A3	3	465
43	43	128	128	0.25	1/2	1/2	3/4	1	1	1/16	1/16	1		4	64	E4	4	466
43	43	513/4	513/4	0.25	9/16	9/16	3/4	1	1	1/16	1/16	1		3	57	A3	3	467
43	43	257/2	257/2	0.25	5/8	5/8	3/4	1	1	1/16	1/16	1		-1	65	F4	4	468
43	43	515/4	515/4	0.25	11/16	11/16	3/4	1	1	1/16	1/16	1		3	57	A3	3	469
44	44	129	129	0.25	0	0	3/4	1	1	1/16	1/16	1		1	67	G4	4	470
44	44	517/4	517/4	0.25	1/16	1/16	3/4	1	1	1/16	1/16	1		4	64	E4	4	471
44	44	259/2	259/2	0.25	1/8	1/8	3/4	1	1	1/16	1/16	1		7	61	C#4	4	472
44	44	519/4	519/4	0.25	3/16	3/16	3/4	1	1	1/16	1/16	1		4	64	E4	4	473
44	44	130	130	0.25	1/4	1/4	3/4	1	1	1/16	1/16	1		3	57	A3	3	474
44	44	521/4	521/4	0.25	5/16	5/16	3/4	1	1	1/16	1/16	1		7	61	C#4	4	475
44	44	261/2	261/2	0.25	3/8	3/8	3/4	1	1	1/16	1/16	1		4	64	E4	4	476
44	44	523/4	523/4	0.25	7/16	7/16	3/4	1	1	1/16	1/16	1		-1	65	F4	4	477
44	44	131	131	0.25	1/2	1/2	3/4	1	1	1/16	1/16	1		1	67	G4	4	478
44	44	525/4	525/4	0.25	9/16	9/16	3/4	1	1	1/16	1/16	1		-1	65	F4	4	479
44	44	263/2	263/2	0.25	5/8	5/8	3/4	1	1	1/16	1/16	1		1	67	G4	4	480
44	44	527/4	527/4	0.25	11/16	11/16	3/4	1	1	1/16	1/16	1		4	64	E4	4	481
45	45	132	132	0.25	0	0	3/4	1	1	1/16	1/16	1		-1	65	F4	4	482
45	45	529/4	529/4	0.25	1/16	1/16	3/4	1	1	1/16	1/16	1		2	62	D4	4	483
45	45	265/2	265/2	0.25	1/8	1/8	3/4	1	1	1/16	1/16	1		7	61	C#4	4	484
45	45	531/4	531/4	0.25	3/16	3/16	3/4	1	1	1/16	1/16	1		2	62	D4	4	485
45	45	133	133	0.25	1/4	1/4	3/4	1	1	1/16	1/16	1		3	57	A3	3	486
45	45	533/4	533/4	0.25	5/16	5/16	3/4	1	1	1/16	1/16	1		7	61	C#4	4	487
45	45	267/2	267/2	0.25	3/8	3/8	3/4	1	1	1/16	1/16	1		2	62	D4	4	488
45	45	535/4	535/4	0.25	7/16	7/16	3/4	1	1	1/16	1/16	1		4	64	E4	4	489
45	45	134	134	0.25	1/2	1/2	3/4	1	1	1/16	1/16	1		-1	65	F4	4	490
45	45	537/4	537/4	0.25	9/16	9/16	3/4	1	1	1/16	1/16	1		4	64	E4	4	491
45	45	269/2	269/2	0.25	5/8	5/8	3/4	1	1	1/16	1/16	1		-1	65	F4	4	492
45	45	539/4	539/4	0.25	11/16	11/16	3/4	1	1	1/16	1/16	1		2	62	D4	4	493
46	46	135	135	0.25	0	0	3/4	1	1	1/16	1/16	1		4	64	E4	4	494
46	46	541/4	541/4	0.25	1/16	1/16	3/4	1	1	1/16	1/16	1		7	61	C#4	4	495
46	46	271/2	271/2	0.25	1/8	1/8	3/4	1	1	1/16	1/16	1		5	59	B3	3	496
46	46	543/4	543/4	0.25	3/16	3/16	3/4	1	1	1/16	1/16	1		7	61	C#4	4	497
46	46	136	136	0.25	1/4	1/4	3/4	1	1	1/16	1/16	1		3	57	A3	3	498
46	46	545/4	545/4	0.25	5/16	5/16	3/4	1	1	1/16	1/16	1		5	59	B3	3	499
46	46	273/2	273/2	0.25	3/8	3/8	3/4	1	1	1/16	1/16	1		7	61	C#4	4	500
46	46	547/4	547/4	0.25	7/16	7/16	3/4	1	1	1/16	1/16	1		2	62	D4	4	501
46	46	137	137	0.25	1/2	1/2	3/4	1	1	1/16	1/16	1		4	64	E4	4	502
46	46	549/4	549/4	0.25	9/16	9/16	3/4	1	1	1/16	1/16	1		2	62	D4	4	503
46	46	275/2	275/2	0.25	5/8	5/8	3/4	1	1	1/16	1/16	1		4	64	E4	4	504
46	46	551/4	551/4	0.25	11/16	11/16	3/4	1	1	1/16	1/16	1		7	61	C#4	4	505
47	47	138	138	0.25	0	0	3/4	1	1	1/16	1/16	1		2	62	D4	4	506
47	47	553/4	553/4	0.25	1/16	1/16	3/4	1	1	1/16	1/16	1		5	59	B3	3	507
47	47	277/2	277/2	0.25	1/8	1/8	3/4	1	1	1/16	1/16	1		3	57	A3	3	508
47	47	555/4	555/4	0.25	3/16	3/16	3/4	1	1	1/16	1/16	1		5	59	B3	3	509
47	47	139	139	0.25	1/4	1/4	3/4	1	1	1/16	1/16	1		-1	53	F3	3	510
47	47	557/4	557/4	0.25	5/16	5/16	3/4	1	1	1/16	1/16	1		8	56	G#3	3	511
47	47	279/2	279/2	0.25	3/8	3/8	3/4	1	1	1/16	1/16	1		5	59	B3	3	512
47	47	559/4	559/4	0.25	7/16	7/16	3/4	1	1	1/16	1/16	1		7	61	C#4	4	513
47	47	140	140	0.25	1/2	1/2	3/4	1	1	1/16	1/16	1		2	62	D4	4	514
47	47	561/4	561/4	0.25	9/16	9/16	3/4	1	1	1/16	1/16	1		7	61	C#4	4	515
47	47	281/2	281/2	0.25	5/8	5/8	3/4	1	1	1/16	1/16	1		2	62	D4	4	516
47	47	563/4	563/4	0.25	11/16	11/16	3/4	1	1	1/16	1/16	1		5	59	B3	3	517
48	48	141	141	1.0	0	0	3/4	1	1	1/4	1/4	1		1	43	G2	2	518
48	48	141	141	1.0	0	0	3/4	1	1	1/4	1/4	1		4	52	E3	3	518
48	48	141	141	1.0	0	0	3/4	1	1	1/4	1/4	1		7	61	C#4	4	518
49	49	144	144	0.25	0	0	3/4	1	1	1/16	1/16	1		-2	58	Bb3	3	519
49	49	577/4	577/4	0.25	1/16	1/16	3/4	1	1	1/16	1/16	1		1	55	G3	3	520
49	49	289/2	289/2	0.25	1/8	1/8	3/4	1	1	1/16	1/16	1		6	54	F#3	3	521
49	49	579/4	579/4	0.25	3/16	3/16	3/4	1	1	1/16	1/16	1		1	55	G3	3	522
49	49	145	145	0.25	1/4	1/4	3/4	1	1	1/16	1/16	1		-3	51	Eb3	3	523
49	49	581/4	581/4	0.25	5/16	5/16	3/4	1	1	1/16	1/16	1		1	55	G3	3	524
49	49	291/2	291/2	0.25	3/8	3/8	3/4	1	1	1/16	1/16	1		2	50	D3	3	525
49	49	583/4	583/4	0.25	7/16	7/16	3/4	1	1	1/16	1/16	1		1	55	G3	3	526
49	49	146	146	0.25	1/2	1/2	3/4	1	1	1/16	1/16	1		-3	51	Eb3	3	527
49	49	585/4	585/4	0.25	9/16	9/16	3/4	1	1	1/16	1/16	1		1	55	G3	3	528
49	49	293/2	293/2	0.25	5/8	5/8	3/4	1	1	1/16	1/16	1		-2	58	Bb3	3	529
49	49	587/4	587/4	0.25	11/16	11/16	3/4	1	1	1/16	1/16	1		2	50	D3	3	530
50	50	147	147	0.25	0	0	3/4	1	1	1/16	1/16	1		7	49	C#3	3	531
50	50	589/4	589/4	0.25	1/16	1/16	3/4	1	1	1/16	1/16	1		4	52	E3	3	532
50	50	295/2	295/2	0.25	1/8	1/8	3/4	1	1	1/16	1/16	1		1	55	G3	3	533
50	50	591/4	591/4	0.25	3/16	3/16	3/4	1	1	1/16	1/16	1		3	57	A3	3	534
50	50	148	148	0.75	1/4	1/4	3/4	1	1	3/16	1/8	3/2		-2	58	Bb3	3	535
50	50	595/4	595/4	0.25	7/16	7/16	3/4	1	1	1/16	1/16	1		3	57	A3	3	536
50	50	149	149	0.25	1/2	1/2	3/4	1	1	1/16	1/16	1		1	55	G3	3	537
50	50	597/4	597/4	0.25	9/16	9/16	3/4	1	1	1/16	1/16	1		6	54	F#3	3	538
50	50	299/2	299/2	0.25	5/8	5/8	3/4	1	1	1/16	1/16	1		1	55	G3	3	539
50	50	599/4	599/4	0.25	11/16	11/16	3/4	1	1	1/16	1/16	1		4	64	E4	4	540
51	51	150	150	0.25	0	0	3/4	1	1	1/16	1/16	1		-1	53	F3	3	541
51	51	601/4	601/4	0.25	1/16	1/16	3/4	1	1	1/16	1/16	1		2	62	D4	4	542
51	51	301/2	301/2	0.25	1/8	1/8	3/4	1	1	1/16	1/16	1		-2	58	Bb3	3	543
51	51	603/4	603/4	0.25	3/16	3/16	3/4	1	1	1/16	1/16	1		1	55	G3	3	544
51	51	151	151	0.25	1/4	1/4	3/4	1	1	1/16	1/16	1		3	57	A3	3	545
51	51	605/4	605/4	0.25	5/16	5/16	3/4	1	1	1/16	1/16	1		-1	53	F3	3	546
51	51	303/2	303/2	0.25	3/8	3/8	3/4	1	1	1/16	1/16	1		4	52	E3	3	547
51	51	607/4	607/4	0.25	7/16	7/16	3/4	1	1	1/16	1/16	1		1	55	G3	3	548
51	51	152	152	0.25	1/2	1/2	3/4	1	1	1/16	1/16	1		-1	53	F3	3	549
51	51	609/4	609/4	0.25	9/16	9/16	3/4	1	1	1/16	1/16	1		2	50	D3	3	550
51	51	305/2	305/2	0.25	5/8	5/8	3/4	1	1	1/16	1/16	1		7	49	C#3	3	551
51	51	611/4	611/4	0.25	11/16	11/16	3/4	1	1	1/16	1/16	1		4	52	E3	3	552
52	52	153	153	0.25	0	0	3/4	1	1	1/16	1/16	1		2	50	D3	3	553
52	52	613/4	613/4	0.25	1/16	1/16	3/4	1	1	1/16	1/16	1		-2	46	Bb2	2	554
52	52	307/2	307/2	0.25	1/8	1/8	3/4	1	1	1/16	1/16	1		3	45	A2	2	555
52	52	615/4	615/4	0.25	3/16	3/16	3/4	1	1	1/16	1/16	1		1	43	G2	2	556
52	52	154	154	0.25	1/4	1/4	3/4	1	1	1/16	1/16	1		6	42	F#2	2	557
52	52	617/4	617/4	0.25	5/16	5/16	3/4	1	1	1/16	1/16	1		3	45	A2	2	558
52	52	309/2	309/2	0.25	3/8	3/8	3/4	1	1	1/16	1/16	1		0	48	C3	3	559
52	52	619/4	619/4	0.25	7/16	7/16	3/4	1	1	1/16	1/16	1		-3	51	Eb3	3	560
52	52	155	155	0.25	1/2	1/2	3/4	1	1	1/16	1/16	1		2	50	D3	3	561
52	52	621/4	621/4	0.25	9/16	9/16	3/4	1	1	1/16	1/16	1		0	48	C3	3	562
52	52	311/2	311/2	0.25	5/8	5/8	3/4	1	1	1/16	1/16	1		-2	46	Bb2	2	563
52	52	623/4	623/4	0.25	11/16	11/16	3/4	1	1	1/16	1/16	1		3	45	A2	2	564
53	53	156	156	0.25	0	0	3/4	1	1	1/16	1/16	1		-2	46	Bb2	2	565
53	53	625/4	625/4	0.25	1/16	1/16	3/4	1	1	1/16	1/16	1		1	43	G2	2	566
53	53	313/2	313/2	0.25	1/8	1/8	3/4	1	1	1/16	1/16	1		6	42	F#2	2	567
53	53	627/4	627/4	0.25	3/16	3/16	3/4	1	1	1/16	1/16	1		1	43	G2	2	568
53	53	157	157	0.25	1/4	1/4	3/4	1	1	1/16	1/16	1		-3	39	Eb2	2	569
53	53	629/4	629/4	0.25	5/16	5/16	3/4	1	1	1/16	1/16	1		1	43	G2	2	570
53	53	315/2	315/2	0.25	3/8	3/8	3/4	1	1	1/16	1/16	1		2	38	D2	2	571
53	53	631/4	631/4	0.25	7/16	7/16	3/4	1	1	1/16	1/16	1		1	43	G2	2	572
53	53	158	158	0.25	1/2	1/2	3/4	1	1	1/16	1/16	1		-3	39	Eb2	2	573
53	53	633/4	633/4	0.25	9/16	9/16	3/4	1	1	1/16	1/16	1		1	43	G2	2	574
53	53	317/2	317/2	0.25	5/8	5/8	3/4	1	1	1/16	1/16	1		-2	46	Bb2	2	575
53	53	635/4	635/4	0.25	11/16	11/16	3/4	1	1	1/16	1/16	1		2	38	D2	2	576
54	54	159	159	1.0	0	0	3/4	1	2	1/4	1/4	1		7	37	C#2	2	587
54	54	159	159	1.0	0	0	3/4	1	2	1/4	1/4	1		-2	46	Bb2	2	587
54	54	159	159	0.75	0	0	3/4	1	1	3/16	1/8	3/2		1	55	G3	3	577
54	54	639/4	639/4	0.25	3/16	3/16	3/4	1	1	1/16	1/16	1		-1	53	F3	3	578
54	54	160	160	0.25	1/4	1/4	3/4	1	1	1/16	1/16	1		4	52	E3	3	579
54	54	641/4	641/4	0.25	5/16	5/16	3/4	1	1	1/16	1/16	1		2	50	D3	3	580
54	54	321/2	321/2	0.25	3/8	3/8	3/4	1	1	1/16	1/16	1		7	49	C#3	3	581
54	54	643/4	643/4	0.25	7/16	7/16	3/4	1	1	1/16	1/16	1		5	47	B2	2	582
54	54	161	161	0.25	1/2	1/2	3/4	1	1	1/16	1/16	1		3	45	A2	2	583
54	54	645/4	645/4	0.25	9/16	9/16	3/4	1	1	1/16	1/16	1		1	43	G2	2	584
54	54	323/2	323/2	0.25	5/8	5/8	3/4	1	1	1/16	1/16	1		-1	41	F2	2	585
54	54	647/4	647/4	0.25	11/16	11/16	3/4	1	1	1/16	1/16	1		4	40	E2	2	586
55	55	162	162	0.25	0	0	3/4	1	1	1/16	1/16	1		2	38	D2	2	588
55	55	649/4	649/4	0.25	1/16	1/16	3/4	1	1	1/16	1/16	1		3	45	A2	2	589
55	55	325/2	325/2	0.25	1/8	1/8	3/4	1	1	1/16	1/16	1		2	50	D3	3	590
55	55	651/4	651/4	0.25	3/16	3/16	3/4	1	1	1/16	1/16	1		4	52	E3	3	591
55	55	163	163	0.25	1/4	1/4	3/4	1	1	1/16	1/16	1		-1	53	F3	3	592
55	55	653/4	653/4	0.25	5/16	5/16	3/4	1	1	1/16	1/16	1		4	52	E3	3	593
55	55	327/2	327/2	0.25	3/8	3/8	3/4	1	1	1/16	1/16	1		2	50	D3	3	594
55	55	655/4	655/4	0.25	7/16	7/16	3/4	1	1	1/16	1/16	1		0	48	C3	3	595
55	55	164	164	0.25	1/2	1/2	3/4	1	1	1/16	1/16	1		-2	46	Bb2	2	596
55	55	657/4	657/4	0.25	9/16	9/16	3/4	1	1	1/16	1/16	1		3	45	A2	2	597
55	55	329/2	329/2	0.25	5/8	5/8	3/4	1	1	1/16	1/16	1		1	43	G2	2	598
55	55	659/4	659/4	0.25	11/16	11/16	3/4	1	1	1/16	1/16	1		-1	41	F2	2	599
56	56	165	165	0.25	0	0	3/4	1	1	1/16	1/16	1		4	40	E2	2	600
56	56	661/4	661/4	0.25	1/16	1/16	3/4	1	1	1/16	1/16	1		3	45	A2	2	601
56	56	331/2	331/2	0.25	1/8	1/8	3/4	1	1	1/16	1/16	1		7	49	C#3	3	602
56	56	663/4	663/4	0.25	3/16	3/16	3/4	1	1	1/16	1/16	1		4	52	E3	3	603
56	56	166	166	0.25	1/4	1/4	3/4	1	1	1/16	1/16	1		1	55	G3	3	604
56	56	665/4	665/4	0.25	5/16	5/16	3/4	1	1	1/16	1/16	1		-1	53	F3	3	605
56	56	333/2	333/2	0.25	3/8	3/8	3/4	1	1	1/16	1/16	1		4	52	E3	3	606
56	56	667/4	667/4	0.25	7/16	7/16	3/4	1	1	1/16	1/16	1		2	50	D3	3	607
56	56	167	167	0.25	1/2	1/2	3/4	1	1	1/16	1/16	1		7	49	C#3	3	608
56	56	669/4	669/4	0.25	9/16	9/16	3/4	1	1	1/16	1/16	1		5	47	B2	2	609
56	56	335/2	335/2	0.25	5/8	5/8	3/4	1	1	1/16	1/16	1		3	45	A2	2	610
56	56	671/4	671/4	0.25	11/16	11/16	3/4	1	1	1/16	1/16	1		1	43	G2	2	611
57	57	168	168	0.25	0	0	3/4	1	1	1/16	1/16	1		-1	41	F2	2	612
57	57	673/4	673/4	0.25	1/16	1/16	3/4	1	1	1/16	1/16	1		3	45	A2	2	613
57	57	337/2	337/2	0.25	1/8	1/8	3/4	1	1	1/16	1/16	1		2	50	D3	3	614
57	57	675/4	675/4	0.25	3/16	3/16	3/4	1	1	1/16	1/16	1		-1	53	F3	3	615
57	57	169	169	0.25	1/4	1/4	3/4	1	1	1/16	1/16	1		3	57	A3	3	616
57	57	677/4	677/4	0.25	5/16	5/16	3/4	1	1	1/16	1/16	1		2	50	D3	3	617
57	57	339/2	339/2	0.25	3/8	3/8	3/4	1	1	1/16	1/16	1		-1	53	F3	3	618
57	57	679/4	679/4	0.25	7/16	7/16	3/4	1	1	1/16	1/16	1		3	57	A3	3	619
57	57	170	170	0.25	1/2	1/2	3/4	1	1	1/16	1/16	1		2	62	D4	4	620
57	57	681/4	681/4	0.25	9/16	9/16	3/4	1	1	1/16	1/16	1		-2	58	Bb3	3	621
57	57	341/2	341/2	0.25	5/8	5/8	3/4	1	1	1/16	1/16	1		0	60	C4	4	622
57	57	683/4	683/4	0.25	11/16	11/16	3/4	1	1	1/16	1/16	1		3	57	A3	3	623
58	58	171	171	0.25	0	0	3/4	1	1	1/16	1/16	1		1	43	G2	2	624
58	58	685/4	685/4	0.25	1/16	1/16	3/4	1	1	1/16	1/16	1		2	50	D3	3	625
58	58	343/2	343/2	0.25	1/8	1/8	3/4	1	1	1/16	1/16	1		1	55	G3	3	626
58	58	687/4	687/4	0.25	3/16	3/16	3/4	1	1	1/16	1/16	1		3	57	A3	3	627
58	58	172	172	0.25	1/4	1/4	3/4	1	1	1/16	1/16	1		-2	58	Bb3	3	628
58	58	689/4	689/4	0.25	5/16	5/16	3/4	1	1	1/16	1/16	1		1	55	G3	3	629
58	58	345/2	345/2	0.25	3/8	3/8	3/4	1	1	1/16	1/16	1		6	54	F#3	3	630
58	58	691/4	691/4	0.25	7/16	7/16	3/4	1	1	1/16	1/16	1		1	55	G3	3	631
58	58	173	173	0.25	1/2	1/2	3/4	1	1	1/16	1/16	1		-3	63	Eb4	4	632
58	58	693/4	693/4	0.25	9/16	9/16	3/4	1	1	1/16	1/16	1		1	55	G3	3	633
58	58	347/2	347/2	0.25	5/8	5/8	3/4	1	1	1/16	1/16	1		2	62	D4	4	634
58	58	695/4	695/4	0.25	11/16	11/16	3/4	1	1	1/16	1/16	1		1	55	G3	3	635
59	59	174	174	3.0	0	0	3/4	1	1	3/4	1/2	3/2		3	45	A2	2	636
59	59	174	174	3.0	0	0	3/4	1	1	3/4	1/2	3/2		1	55	G3	3	636
59	59	174	174	3.0	0	0	3/4	1	1	3/4	1/2	3/2		7	61	C#4	4	636
60	60	177	177	3.0	0	0	3/4	1	1	3/4	1/2	3/2		3	45	A2	2	637
60	60	177	177	3.0	0	0	3/4	1	1	3/4	1/2	3/2		-1	53	F3	3	637
60	60	177	177	3.0	0	0	3/4	1	1	3/4	1/2	3/2		2	62	D4	4	637
61	61	180	180	3.0	0	0	3/4	1	1	3/4	1/2	3/2		3	45	A2	2	638
61	61	180	180	3.0	0	0	3/4	1	1	3/4	1/2	3/2		4	52	E3	3	638
61	61	180	180	3.0	0	0	3/4	1	1	3/4	1/2	3/2		2	62	D4	4	638
62	62	183	183	3.0	0	0	3/4	1	1	3/4	1/2	3/2		3	45	A2	2	639
62	62	183	183	3.0	0	0	3/4	1	1	3/4	1/2	3/2		4	52	E3	3	639
62	62	183	183	3.0	0	0	3/4	1	1	3/4	1/2	3/2		7	61	C#4	4	639
63	63	186	186	3.0	0	0	3/4	1	1	3/4	1/2	3/2		2	38	D2	2	640
63	63	186	186	3.0	0	0	3/4	1	1	3/4	1/2	3/2		3	45	A2	2	640
63	63	186	186	3.0	0	0	3/4	1	1	3/4	1/2	3/2		-1	53	F3	3	640
63	63	186	186	3.0	0	0	3/4	1	1	3/4	1/2	3/2		2	62	D4	4	640
