mc	mn	mc_onset	mn_onset	timesig	staff	voice	duration	gracenote	nominal_duration	scalar	tied	tpc	midi	volta	chord_id
1	0	0	5/8	6/8	1	1	1/8		1/8	1		3	69		0
2	1	0	0	6/8	1	2	3/8		1/4	3/2		6	54		5
2	1	0	0	6/8	1	1	3/8		1/4	3/2		2	62		1
2	1	3/8	3/8	6/8	1	2	1/8		1/8	1		3	57		6
2	1	3/8	3/8	6/8	1	1	1/8		1/8	1		4	64		2
2	1	1/2	1/2	6/8	1	1	1/8		1/8	1		6	66		3
2	1	5/8	5/8	6/8	1	1	1/8		1/8	1		1	67		4
3	2	0	0	6/8	1	2	1/8		1/8	1		2	50		15
3	2	0	0	6/8	1	3	1/8		1/8	1		3	57		16
3	2	0	0	6/8	1	1	1/8		1/8	1		6	66		7
3	2	1/8	1/8	6/8	1	1	1/8		1/8	1		2	62		8
3	2	1/4	1/4	6/8	1	1	1/8		1/8	1		3	69		9
3	2	3/8	3/8	6/8	1	1	1/16		1/16	1		3	69		10
3	2	7/16	7/16	6/8	1	1	1/16		1/16	1		1	67		11
3	2	1/2	1/2	6/8	1	1	1/16		1/16	1		6	66		12
3	2	9/16	9/16	6/8	1	1	1/16		1/16	1		1	67		13
3	2	5/8	5/8	6/8	1	1	1/8		1/8	1		3	69		14
4	3	0	0	6/8	1	2	1/8		1/8	1		6	54		23
4	3	0	0	6/8	1	1	1/8		1/8	1		2	62		17
4	3	1/8	1/8	6/8	1	1	1/8		1/8	1		3	57		18
4	3	1/4	1/4	6/8	1	1	1/8		1/8	1		2	62		19
4	3	3/8	3/8	6/8	1	2	1/8		1/8	1		3	57		24
4	3	3/8	3/8	6/8	1	1	1/8		1/8	1		4	64		20
4	3	1/2	1/2	6/8	1	1	1/8		1/8	1		6	66		21
4	3	5/8	5/8	6/8	1	1	1/8		1/8	1		1	67		22
5	4	0	0	6/8	1	1	1/8		1/8	1		6	66		25
5	4	1/8	1/8	6/8	1	1	1/8		1/8	1		2	62		26
5	4	1/4	1/4	6/8	1	1	1/8		1/8	1		3	57		27
5	4	3/8	3/8	6/8	1	1	1/4		1/4	1		2	50		28
5	4	5/8	5/8	6/8	1	1	1/8		1/8	1		3	69		29
6	5	0	0	6/8	1	1	1/8		1/8	1		6	66		30
6	5	1/8	1/8	6/8	1	1	1/8		1/8	1		3	57		31
6	5	1/4	1/4	6/8	1	1	1/8		1/8	1		3	69		32
6	5	3/8	3/8	6/8	1	1	1/8		1/8	1		4	64		33
6	5	1/2	1/2	6/8	1	1	1/8		1/8	1		3	57		34
6	5	5/8	5/8	6/8	1	1	1/8		1/8	1		1	67		35
7	6	0	0	6/8	1	1	1/8		1/8	1		2	62		36
7	6	1/8	1/8	6/8	1	1	1/8		1/8	1		3	57		37
7	6	1/4	1/4	6/8	1	1	1/8		1/8	1		6	66		38
7	6	3/8	3/8	6/8	1	1	1/8		1/8	1		4	64		39
7	6	1/2	1/2	6/8	1	1	1/8		1/8	1		3	57		40
7	6	5/8	5/8	6/8	1	1	1/8		1/8	1		1	67		41
8	7	0	0	6/8	1	1	1/8		1/8	1		6	66		42
8	7	1/8	1/8	6/8	1	1	1/8		1/8	1		3	57		43
8	7	1/4	1/4	6/8	1	1	1/8		1/8	1		3	69		44
8	7	3/8	3/8	6/8	1	1	1/8		1/8	1		4	64		45
8	7	1/2	1/2	6/8	1	1	1/8		1/8	1		3	57		46
8	7	5/8	5/8	6/8	1	1	1/8		1/8	1		1	67		47
9	8	0	0	6/8	1	1	1/8		1/8	1		2	62		48
9	8	1/8	1/8	6/8	1	1	1/8		1/8	1		3	57		49
9	8	1/4	1/4	6/8	1	1	1/8		1/8	1		6	66		50
9	8	3/8	3/8	6/8	1	1	1/8		1/8	1		4	64		51
9	8	1/2	1/2	6/8	1	1	1/8		1/8	1		3	57		52
9	8	5/8	5/8	6/8	1	1	1/8		1/8	1		4	64		53
10	9	0	0	6/8	1	2	1/8		1/8	1		2	50		61
10	9	0	0	6/8	1	3	1/8		1/8	1		7	61		62
10	9	0	0	6/8	1	1	1/8		1/8	1		6	66		54
10	9	1/8	1/8	6/8	1	1	1/8		1/8	1		4	64		55
10	9	1/4	1/4	6/8	1	1	1/8		1/8	1		6	66		56
10	9	3/8	3/8	6/8	1	1	1/16		1/16	1		5	59		57
10	9	7/16	7/16	6/8	1	1	1/16		1/16	1		7	61		58
10	9	1/2	1/2	6/8	1	1	1/8		1/8	1		2	62		59
10	9	5/8	5/8	6/8	1	1	1/8		1/8	1		5	59		60
11	10	0	0	6/8	1	1	1/16		1/16	1		8	56		63
11	10	1/16	1/16	6/8	1	1	1/16		1/16	1		6	54		64
11	10	1/8	1/8	6/8	1	1	1/16		1/16	1		8	56		65
11	10	3/16	3/16	6/8	1	1	1/16		1/16	1		3	57		66
11	10	1/4	1/4	6/8	1	1	1/8		1/8	1		5	59		67
11	10	3/8	3/8	6/8	1	1	1/8		1/8	1		4	52		68
11	10	1/2	1/2	6/8	1	1	1/16		1/16	1		2	50		69
11	10	9/16	9/16	6/8	1	1	1/16		1/16	1		7	49		70
11	10	5/8	5/8	6/8	1	1	1/16		1/16	1		2	50		71
11	10	11/16	11/16	6/8	1	1	1/16		1/16	1		5	47		72
12	11	0	0	6/8	1	2	1/8		1/8	1		7	49		82
12	11	0	0	6/8	1	4	1/8		1/8	1		4	52		84
12	11	0	0	6/8	1	3	1/8		1/8	1		5	59		83
12	11	0	0	6/8	1	1	1/8		1/8	1		4	64		73
12	11	1/8	1/8	6/8	1	1	1/8		1/8	1		2	62		74
12	11	1/4	1/4	6/8	1	1	1/8		1/8	1		4	64		75
12	11	3/8	3/8	6/8	1	1	1/16		1/16	1		3	57		76
12	11	7/16	7/16	6/8	1	1	1/16		1/16	1		5	59		77
12	11	1/2	1/2	6/8	1	1	1/16		1/16	1		7	61		78
12	11	9/16	9/16	6/8	1	1	1/16		1/16	1		5	59		79
12	11	5/8	5/8	6/8	1	1	1/16		1/16	1		3	57		80
12	11	11/16	11/16	6/8	1	1	1/16		1/16	1		1	55		81
13	12	0	0	6/8	1	1	1/16		1/16	1		6	54		85
13	12	1/16	1/16	6/8	1	1	1/16		1/16	1		4	52		86
13	12	1/8	1/8	6/8	1	1	1/16		1/16	1		6	54		87
13	12	3/16	3/16	6/8	1	1	1/16		1/16	1		1	55		88
13	12	1/4	1/4	6/8	1	1	1/16		1/16	1		3	57		89
13	12	5/16	5/16	6/8	1	1	1/16		1/16	1		6	54		90
13	12	3/8	3/8	6/8	1	2	1/16		1/16	1		7	49		97
13	12	3/8	3/8	6/8	1	1	1/16		1/16	1		2	50		91
13	12	7/16	7/16	6/8	1	1	1/16		1/16	1		6	54		92
13	12	1/2	1/2	6/8	1	1	1/16		1/16	1		8	56		93
13	12	9/16	9/16	6/8	1	1	1/16		1/16	1		3	57		94
13	12	5/8	5/8	6/8	1	1	1/16		1/16	1		5	59		95
13	12	11/16	11/16	6/8	1	1	1/16		1/16	1		7	61		96
14	13	0	0	6/8	1	2	1/8		1/8	1		5	47		105
14	13	0	0	6/8	1	3	1/8		1/8	1		6	54		106
14	13	0	0	6/8	1	1	1/8		1/8	1		2	62		98
14	13	1/8	1/8	6/8	1	1	1/8		1/8	1		7	61		99
14	13	1/4	1/4	6/8	1	1	1/8		1/8	1		2	62		100
14	13	3/8	3/8	6/8	1	1	1/16		1/16	1		6	66		101
14	13	7/16	7/16	6/8	1	1	1/16		1/16	1		8	68		102
14	13	1/2	1/2	6/8	1	1	1/8		1/8	1		3	69		103
14	13	5/8	5/8	6/8	1	1	1/8		1/8	1		6	66		104
15	14	0	0	6/8	1	2	1/8		1/8	1		3	45		116
15	14	0	0	6/8	1	3	1/8		1/8	1		6	54		117
15	14	0	0	6/8	1	1	1/8		1/8	1		2	62		107
15	14	1/8	1/8	6/8	1	1	1/8		1/8	1		7	61		108
15	14	1/4	1/4	6/8	1	1	1/8		1/8	1		2	62		109
15	14	3/8	3/8	6/8	1	1	1/16		1/16	1		5	59		110
15	14	7/16	7/16	6/8	1	1	1/16		1/16	1		7	61		111
15	14	1/2	1/2	6/8	1	1	1/16		1/16	1		2	62		112
15	14	9/16	9/16	6/8	1	1	1/16		1/16	1		5	59		113
15	14	5/8	5/8	6/8	1	1	1/16		1/16	1		7	61		114
15	14	11/16	11/16	6/8	1	1	1/16		1/16	1		2	62		115
16	15	0	0	6/8	1	1	1/16		1/16	1		8	44		118
16	15	1/16	1/16	6/8	1	1	1/16		1/16	1		5	47		119
16	15	1/8	1/8	6/8	1	1	1/16		1/16	1		4	52		120
16	15	3/16	3/16	6/8	1	1	1/16		1/16	1		8	56		121
16	15	1/4	1/4	6/8	1	1	1/16		1/16	1		5	59		122
16	15	5/16	5/16	6/8	1	1	1/16		1/16	1		2	62		123
16	15	3/8	3/8	6/8	1	1	1/16		1/16	1		5	71		124
16	15	7/16	7/16	6/8	1	1	1/16		1/16	1		3	69		125
16	15	1/2	1/2	6/8	1	1	1/16		1/16	1		8	68		126
16	15	9/16	9/16	6/8	1	1	1/16		1/16	1		3	69		127
16	15	5/8	5/8	6/8	1	1	1/16		1/16	1		5	71		128
16	15	11/16	11/16	6/8	1	1	1/16		1/16	1		4	64		129
17	16	0	0	6/8	1	2	1/8		1/8	1		4	40		135
17	16	0	0	6/8	1	4	1/8		1/8	1		5	47		139
17	16	0	0	6/8	1	3	1/8		1/8	1		8	56		138
17	16	0	0	6/8	1	1	1/8		1/8	1		2	62		130
17	16	1/8	1/8	6/8	1	1	1/8		1/8	1		7	61		131
17	16	1/4	1/4	6/8	1	1	1/8		1/8	1		2	62		132
17	16	3/8	3/8	6/8	1	2	1/4		1/4	1		4	52		136
17	16	3/8	3/8	6/8	1	1	1/4		1/4	1		2	62		133
17	16	5/8	5/8	6/8	1	2	1/8		1/8	1		2	50		137
17	16	5/8	5/8	6/8	1	1	1/8		1/8	1		4	64		134
18	17	0	0	6/8	1	2	3/8		1/4	3/2		7	49		144
18	17	0	0	6/8	1	3	3/8		1/4	3/2		4	52		146
18	17	0	0	6/8	1	1	3/8		1/4	3/2		3	57		140
18	17	3/8	3/8	6/8	1	2	1/8		1/8	1		4	52		145
18	17	3/8	3/8	6/8	1	1	1/8		1/8	1		5	59		141
18	17	1/2	1/2	6/8	1	1	1/8		1/8	1		7	61		142
18	17	5/8	5/8	6/8	1	1	1/8		1/8	1		2	62		143
19	18	0	0	6/8	1	1	1/8		1/8	1		3	45		147
19	18	0	0	6/8	1	1	1/8		1/8	1		4	52		147
19	18	0	0	6/8	1	1	1/8		1/8	1		7	61		147
19	18	1/8	1/8	6/8	1	1	1/8		1/8	1		3	57		148
19	18	1/4	1/4	6/8	1	1	1/8		1/8	1		4	64		149
19	18	3/8	3/8	6/8	1	1	1/16		1/16	1		4	64		150
19	18	7/16	7/16	6/8	1	1	1/16		1/16	1		2	62		151
19	18	1/2	1/2	6/8	1	1	1/16		1/16	1		7	61		152
19	18	9/16	9/16	6/8	1	1	1/16		1/16	1		2	62		153
19	18	5/8	5/8	6/8	1	1	1/8		1/8	1		4	64		154
20	19	0	0	6/8	1	1	1/8		1/8	1		7	49		155
20	19	0	0	6/8	1	1	1/8		1/8	1		4	52		155
20	19	0	0	6/8	1	1	1/8		1/8	1		3	57		155
20	19	1/8	1/8	6/8	1	1	1/8		1/8	1		4	52		156
20	19	1/4	1/4	6/8	1	1	1/8		1/8	1		3	57		157
20	19	3/8	3/8	6/8	1	1	1/8		1/8	1		4	52		158
20	19	3/8	3/8	6/8	1	1	1/8		1/8	1		5	59		158
20	19	1/2	1/2	6/8	1	1	1/8		1/8	1		7	61		159
20	19	5/8	5/8	6/8	1	1	1/8		1/8	1		2	62		160
21	20	0	0	6/8	1	1	1/8		1/8	1		7	61		161
21	20	1/8	1/8	6/8	1	1	1/8		1/8	1		3	57		162
21	20	1/4	1/4	6/8	1	1	1/8		1/8	1		4	52		163
21	20	3/8	3/8	6/8	1	1	1/4		1/4	1		3	45		164
21	20	5/8	5/8	6/8	1	1	1/8		1/8	1		3	57		165
22	21	0	0	6/8	1	3	1/8		1/8	1		8	56		177
22	21	0	0	6/8	1	2	1/8		1/8	1		2	62		174
22	21	0	0	6/8	1	1	1/8		1/8	1		4	64		166
22	21	1/8	1/8	6/8	1	2	1/8		1/8	1		2	62		175
22	21	1/8	1/8	6/8	1	1	1/8		1/8	1		4	64		167
22	21	1/4	1/4	6/8	1	2	1/8		1/8	1		2	62		176
22	21	1/4	1/4	6/8	1	1	1/8		1/8	1		4	64		168
22	21	3/8	3/8	6/8	1	1	1/16		1/16	1		5	59		169
22	21	7/16	7/16	6/8	1	1	1/16		1/16	1		3	57		170
22	21	1/2	1/2	6/8	1	1	1/16		1/16	1		5	59		171
22	21	9/16	9/16	6/8	1	1	1/16		1/16	1		7	61		172
22	21	5/8	5/8	6/8	1	1	1/8		1/8	1		2	62		173
23	22	0	0	6/8	1	3	1/8		1/8	1		4	52		189
23	22	0	0	6/8	1	2	1/8		1/8	1		2	62		186
23	22	0	0	6/8	1	1	1/8		1/8	1		8	68		178
23	22	1/8	1/8	6/8	1	2	1/8		1/8	1		2	62		187
23	22	1/8	1/8	6/8	1	1	1/8		1/8	1		8	68		179
23	22	1/4	1/4	6/8	1	2	1/8		1/8	1		2	62		188
23	22	1/4	1/4	6/8	1	1	1/8		1/8	1		8	68		180
23	22	3/8	3/8	6/8	1	1	1/16		1/16	1		4	52		181
23	22	7/16	7/16	6/8	1	1	1/16		1/16	1		2	50		182
23	22	1/2	1/2	6/8	1	1	1/16		1/16	1		4	52		183
23	22	9/16	9/16	6/8	1	1	1/16		1/16	1		6	54		184
23	22	5/8	5/8	6/8	1	1	1/8		1/8	1		8	56		185
24	23	0	0	6/8	1	1	1/16		1/16	1		8	56		190
24	23	1/16	1/16	6/8	1	1	1/16		1/16	1		6	54		191
24	23	1/8	1/8	6/8	1	1	1/16		1/16	1		8	56		192
24	23	3/16	3/16	6/8	1	1	1/16		1/16	1		3	57		193
24	23	1/4	1/4	6/8	1	1	1/8		1/8	1		5	59		194
24	23	3/8	3/8	6/8	1	1	1/16		1/16	1		5	59		195
24	23	7/16	7/16	6/8	1	1	1/16		1/16	1		3	57		196
24	23	1/2	1/2	6/8	1	1	1/16		1/16	1		5	59		197
24	23	9/16	9/16	6/8	1	1	1/16		1/16	1		7	61		198
24	23	5/8	5/8	6/8	1	1	1/8		1/8	1		2	62		199
25	24	0	0	6/8	1	2	1/8		1/8	1		2	62		207
25	24	0	0	6/8	1	1	1/16		1/16	1		5	71		200
25	24	1/16	1/16	6/8	1	1	1/16		1/16	1		8	68		201
25	24	1/8	1/8	6/8	1	2	1/8		1/8	1		2	62		208
25	24	1/8	1/8	6/8	1	1	1/16		1/16	1		5	71		202
25	24	3/16	3/16	6/8	1	1	1/16		1/16	1		8	68		203
25	24	1/4	1/4	6/8	1	2	1/8		1/8	1		2	62		209
25	24	1/4	1/4	6/8	1	1	1/16		1/16	1		5	71		204
25	24	5/16	5/16	6/8	1	1	1/16		1/16	1		8	68		205
25	24	3/8	3/8	6/8	1	2	1/16		1/16	1		9	63		210
25	24	3/8	3/8	6/8	1	1	3/8		1/4	3/2		4	64		206
25	24	7/16	7/16	6/8	1	2	1/16		1/16	1		5	59		211
25	24	1/2	1/2	6/8	1	2	1/16		1/16	1		9	63		212
25	24	9/16	9/16	6/8	1	2	1/16		1/16	1		5	59		213
25	24	5/8	5/8	6/8	1	2	1/16		1/16	1		9	63		214
25	24	11/16	11/16	6/8	1	2	1/16		1/16	1		5	59		215
26	25	0	0	6/8	1	2	1/8		1/8	1		7	61		225
26	25	0	0	6/8	1	1	1/16		1/16	1		3	69		216
26	25	1/16	1/16	6/8	1	1	1/16		1/16	1		4	64		217
26	25	1/8	1/8	6/8	1	2	1/8		1/8	1		7	61		226
26	25	1/8	1/8	6/8	1	1	1/16		1/16	1		3	69		218
26	25	3/16	3/16	6/8	1	1	1/16		1/16	1		4	64		219
26	25	1/4	1/4	6/8	1	2	1/8		1/8	1		7	61		227
26	25	1/4	1/4	6/8	1	1	1/16		1/16	1		3	69		220
26	25	5/16	5/16	6/8	1	1	1/16		1/16	1		4	64		221
26	25	3/8	3/8	6/8	1	2	1/16		1/16	1		7	61		228
26	25	3/8	3/8	6/8	1	1	1/8		1/8	1		4	64		222
26	25	7/16	7/16	6/8	1	2	1/16		1/16	1		3	57		229
26	25	1/2	1/2	6/8	1	2	1/16		1/16	1		7	61		230
26	25	1/2	1/2	6/8	1	1	1/8		1/8	1		4	64		223
26	25	9/16	9/16	6/8	1	2	1/16		1/16	1		3	57		231
26	25	5/8	5/8	6/8	1	2	1/16		1/16	1		7	61		232
26	25	5/8	5/8	6/8	1	1	1/8		1/8	1		4	64		224
26	25	11/16	11/16	6/8	1	2	1/16		1/16	1		3	57		233
27	26	0	0	6/8	1	2	1/16		1/16	1		6	54		240
27	26	0	0	6/8	1	1	1/8		1/8	1		3	57		234
27	26	1/16	1/16	6/8	1	2	1/16		1/16	1		2	50		241
27	26	1/8	1/8	6/8	1	2	1/16		1/16	1		6	54		242
27	26	1/8	1/8	6/8	1	1	1/8		1/8	1		3	57		235
27	26	3/16	3/16	6/8	1	2	1/16		1/16	1		2	50		243
27	26	1/4	1/4	6/8	1	2	1/16		1/16	1		6	54		244
27	26	1/4	1/4	6/8	1	1	1/8		1/8	1		3	57		236
27	26	5/16	5/16	6/8	1	2	1/16		1/16	1		2	50		245
27	26	3/8	3/8	6/8	1	2	1/16		1/16	1		5	47		246
27	26	3/8	3/8	6/8	1	1	1/8		1/8	1		2	50		237
27	26	7/16	7/16	6/8	1	2	1/16		1/16	1		8	44		247
27	26	1/2	1/2	6/8	1	2	1/16		1/16	1		5	47		248
27	26	1/2	1/2	6/8	1	1	1/8		1/8	1		2	50		238
27	26	9/16	9/16	6/8	1	2	1/16		1/16	1		8	44		249
27	26	5/8	5/8	6/8	1	2	1/16		1/16	1		5	47		250
27	26	5/8	5/8	6/8	1	1	1/8		1/8	1		2	50		239
27	26	11/16	11/16	6/8	1	2	1/16		1/16	1		8	44		251
28	27	0	0	6/8	1	1	1/16		1/16	1		7	37		252
28	27	1/16	1/16	6/8	1	1	1/16		1/16	1		4	64		253
28	27	1/8	1/8	6/8	1	1	1/16		1/16	1		2	62		254
28	27	3/16	3/16	6/8	1	1	1/16		1/16	1		7	61		255
28	27	1/4	1/4	6/8	1	1	1/16		1/16	1		5	59		256
28	27	5/16	5/16	6/8	1	1	1/16		1/16	1		3	57		257
28	27	3/8	3/8	6/8	1	1	1/16		1/16	1		4	52		258
28	27	7/16	7/16	6/8	1	1	1/16		1/16	1		2	62		259
28	27	1/2	1/2	6/8	1	1	1/16		1/16	1		7	61		260
28	27	9/16	9/16	6/8	1	1	1/16		1/16	1		5	59		261
28	27	5/8	5/8	6/8	1	1	1/16		1/16	1		3	57		262
28	27	11/16	11/16	6/8	1	1	1/16		1/16	1		8	56		263
29	28	0	0	6/8	1	1	1/16		1/16	1		3	45		264
29	28	1/16	1/16	6/8	1	1	1/16		1/16	1		4	52		265
29	28	1/8	1/8	6/8	1	1	1/16		1/16	1		3	57		266
29	28	3/16	3/16	6/8	1	1	1/16		1/16	1		7	61		267
29	28	1/4	1/4	6/8	1	1	1/16		1/16	1		4	64		268
29	28	5/16	5/16	6/8	1	1	1/16		1/16	1		8	68		269
29	28	3/8	3/8	6/8	1	1	1/4		1/4	1		3	69		270
29	28	5/8	5/8	6/8	1	1	1/8		1/8	1		4	64		271
30	29	0	0	6/8	1	2	3/8		1/4	3/2		3	57		278
30	29	0	0	6/8	1	1	3/8		1/4	3/2		4	64		272
30	29	3/8	3/8	6/8	1	1	0	grace16	1/16	1		4	64		273
30	29	3/8	3/8	6/8	1	1	0	grace16	1/16	1		6	66		274
30	29	3/8	3/8	6/8	1	1	1/8		1/8	1		1	67		275
30	29	1/2	1/2	6/8	1	1	1/8		1/8	1		6	66		276
30	29	5/8	5/8	6/8	1	1	1/8		1/8	1		4	64		277
31	30	0	0	6/8	1	1	1/8		1/8	1		4	64		279
31	30	1/8	1/8	6/8	1	1	1/8		1/8	1		10	58		280
31	30	1/4	1/4	6/8	1	1	1/8		1/8	1		1	67		281
31	30	3/8	3/8	6/8	1	1	1/8		1/8	1		4	64		282
31	30	1/2	1/2	6/8	1	1	1/16		1/16	1		10	58		283
31	30	9/16	9/16	6/8	1	1	1/16		1/16	1		5	59		284
31	30	5/8	5/8	6/8	1	1	1/16		1/16	1		7	61		285
31	30	11/16	11/16	6/8	1	1	1/16		1/16	1		5	59		286
32	31	0	0	6/8	1	1	1/16		1/16	1		7	61		287
32	31	1/16	1/16	6/8	1	1	1/16		1/16	1		2	62		288
32	31	1/8	1/8	6/8	1	1	1/16		1/16	1		7	61		289
32	31	3/16	3/16	6/8	1	1	1/16		1/16	1		2	62		290
32	31	1/4	1/4	6/8	1	1	1/16		1/16	1		4	64		291
32	31	5/16	5/16	6/8	1	1	1/16		1/16	1		6	66		292
32	31	3/8	3/8	6/8	1	1	1/8		1/8	1		1	67		293
32	31	1/2	1/2	6/8	1	1	1/8		1/8	1		6	66		294
32	31	5/8	5/8	6/8	1	1	1/8		1/8	1		4	64		295
33	32	0	0	6/8	1	1	1/8		1/8	1		2	62		296
33	32	1/8	1/8	6/8	1	1	1/8		1/8	1		5	59		297
33	32	1/4	1/4	6/8	1	1	1/8		1/8	1		6	54		298
33	32	3/8	3/8	6/8	1	1	1/4		1/4	1		5	47		299
33	32	5/8	5/8	6/8	1	1	1/8		1/8	1		2	62		300
34	33	0	0	6/8	1	1	1/16		1/16	1		1	67		301
34	33	1/16	1/16	6/8	1	1	1/16		1/16	1		6	66		302
34	33	1/8	1/8	6/8	1	1	1/16		1/16	1		4	64		303
34	33	3/16	3/16	6/8	1	1	1/16		1/16	1		2	62		304
34	33	1/4	1/4	6/8	1	1	1/16		1/16	1		0	60		305
34	33	5/16	5/16	6/8	1	1	1/16		1/16	1		5	59		306
34	33	3/8	3/8	6/8	1	1	1/8		1/8	1		0	60		307
34	33	1/2	1/2	6/8	1	1	1/8		1/8	1		4	52		308
34	33	5/8	5/8	6/8	1	1	1/8		1/8	1		1	67		309
35	34	0	0	6/8	1	1	1/16		1/16	1		6	66		310
35	34	1/16	1/16	6/8	1	1	1/16		1/16	1		4	64		311
35	34	1/8	1/8	6/8	1	1	1/16		1/16	1		2	62		312
35	34	3/16	3/16	6/8	1	1	1/16		1/16	1		7	61		313
35	34	1/4	1/4	6/8	1	1	1/16		1/16	1		5	59		314
35	34	5/16	5/16	6/8	1	1	1/16		1/16	1		10	58		315
35	34	3/8	3/8	6/8	1	1	1/8		1/8	1		5	59		316
35	34	1/2	1/2	6/8	1	1	1/8		1/8	1		2	50		317
35	34	5/8	5/8	6/8	1	1	1/8		1/8	1		6	66		318
36	35	0	0	6/8	1	1	1/8		1/8	1		1	43		319
36	35	1/8	1/8	6/8	1	1	1/16		1/16	1		5	71		320
36	35	3/16	3/16	6/8	1	1	1/16		1/16	1		3	69		321
36	35	1/4	1/4	6/8	1	1	1/16		1/16	1		1	67		322
36	35	5/16	5/16	6/8	1	1	1/16		1/16	1		6	66		323
36	35	3/8	3/8	6/8	1	1	1/16		1/16	1		4	64		324
36	35	7/16	7/16	6/8	1	1	1/16		1/16	1		2	62		325
36	35	1/2	1/2	6/8	1	1	1/16		1/16	1		7	61		326
36	35	9/16	9/16	6/8	1	1	1/16		1/16	1		2	62		327
36	35	5/8	5/8	6/8	1	1	1/16		1/16	1		4	64		328
36	35	11/16	11/16	6/8	1	1	1/16		1/16	1		2	62		329
37	36	0	0	6/8	1	1	1/16		1/16	1		7	61		330
37	36	1/16	1/16	6/8	1	1	1/16		1/16	1		5	59		331
37	36	1/8	1/8	6/8	1	1	1/16		1/16	1		10	58		332
37	36	3/16	3/16	6/8	1	1	1/16		1/16	1		5	59		333
37	36	1/4	1/4	6/8	1	1	1/16		1/16	1		7	61		334
37	36	5/16	5/16	6/8	1	1	1/16		1/16	1		10	58		335
37	36	3/8	3/8	6/8	1	1	1/4		1/4	1		6	54		336
37	36	5/8	5/8	6/8	1	1	1/8		1/8	1		6	66		337
38	37	0	0	6/8	1	1	1/8		1/8	1		2	62		338
38	37	1/8	1/8	6/8	1	1	1/8		1/8	1		6	54		339
38	37	1/4	1/4	6/8	1	1	1/8		1/8	1		6	66		340
38	37	3/8	3/8	6/8	1	1	1/8		1/8	1		7	61		341
38	37	1/2	1/2	6/8	1	1	1/8		1/8	1		6	54		342
38	37	5/8	5/8	6/8	1	1	1/8		1/8	1		4	64		343
39	38	0	0	6/8	1	1	1/8		1/8	1		5	59		344
39	38	1/8	1/8	6/8	1	1	1/8		1/8	1		6	54		345
39	38	1/4	1/4	6/8	1	1	1/8		1/8	1		2	62		346
39	38	3/8	3/8	6/8	1	1	1/8		1/8	1		7	61		347
39	38	1/2	1/2	6/8	1	1	1/8		1/8	1		6	54		348
39	38	5/8	5/8	6/8	1	1	1/8		1/8	1		4	64		349
40	39	0	0	6/8	1	1	1/8		1/8	1		2	62		350
40	39	1/8	1/8	6/8	1	1	1/8		1/8	1		6	54		351
40	39	1/4	1/4	6/8	1	1	1/8		1/8	1		6	66		352
40	39	3/8	3/8	6/8	1	1	1/8		1/8	1		7	61		353
40	39	1/2	1/2	6/8	1	1	1/8		1/8	1		6	54		354
40	39	5/8	5/8	6/8	1	1	1/8		1/8	1		4	64		355
41	40	0	0	6/8	1	1	1/8		1/8	1		5	59		356
41	40	1/8	1/8	6/8	1	1	1/8		1/8	1		6	54		357
41	40	1/4	1/4	6/8	1	1	1/8		1/8	1		2	62		358
41	40	3/8	3/8	6/8	1	1	1/8		1/8	1		7	61		359
41	40	1/2	1/2	6/8	1	1	1/8		1/8	1		6	54		360
41	40	5/8	5/8	6/8	1	1	1/8		1/8	1		6	66		361
42	41	0	0	6/8	1	1	1/16		1/16	1		1	67		362
42	41	1/16	1/16	6/8	1	1	1/16		1/16	1		6	66		363
42	41	1/8	1/8	6/8	1	1	1/16		1/16	1		4	64		364
42	41	3/16	3/16	6/8	1	1	1/16		1/16	1		6	66		365
42	41	1/4	1/4	6/8	1	1	1/8		1/8	1		1	67		366
42	41	3/8	3/8	6/8	1	1	1/8		1/8	1		10	70		367
42	41	1/2	1/2	6/8	1	1	1/8		1/8	1		5	71		368
42	41	5/8	5/8	6/8	1	1	1/8		1/8	1		4	64		369
43	42	0	0	6/8	1	1	1/16		1/16	1		6	66		370
43	42	1/16	1/16	6/8	1	1	1/16		1/16	1		4	64		371
43	42	1/8	1/8	6/8	1	1	1/16		1/16	1		2	62		372
43	42	3/16	3/16	6/8	1	1	1/16		1/16	1		4	64		373
43	42	1/4	1/4	6/8	1	1	1/8		1/8	1		6	66		374
43	42	3/8	3/8	6/8	1	1	1/8		1/8	1		10	70		375
43	42	1/2	1/2	6/8	1	1	1/8		1/8	1		5	71		376
43	42	5/8	5/8	6/8	1	1	1/8		1/8	1		2	62		377
44	43	0	0	6/8	1	1	1/16		1/16	1		7	61		378
44	43	1/16	1/16	6/8	1	1	1/16		1/16	1		2	62		379
44	43	1/8	1/8	6/8	1	1	1/16		1/16	1		4	64		380
44	43	3/16	3/16	6/8	1	1	1/16		1/16	1		6	66		381
44	43	1/4	1/4	6/8	1	1	1/16		1/16	1		1	67		382
44	43	5/16	5/16	6/8	1	1	1/16		1/16	1		5	59		383
44	43	3/8	3/8	6/8	1	1	1/8		1/8	1		6	54		384
44	43	1/2	1/2	6/8	1	1	1/8		1/8	1		5	59		385
44	43	5/8	5/8	6/8	1	1	1/8		1/8	1		10	58		386
45	44	0	0	6/8	1	1	1/8		1/8	1		5	59		387
45	44	1/8	1/8	6/8	1	1	1/16		1/16	1		6	54		388
45	44	3/16	3/16	6/8	1	1	1/16		1/16	1		4	52		389
45	44	1/4	1/4	6/8	1	1	1/16		1/16	1		2	50		390
45	44	5/16	5/16	6/8	1	1	1/16		1/16	1		7	49		391
45	44	3/8	3/8	6/8	1	1	1/8		1/8	1		5	47		392
45	44	1/2	1/2	6/8	1	1	1/8		1/8	1		2	62		393
45	44	5/8	5/8	6/8	1	1	1/8		1/8	1		3	45		394
46	45	0	0	6/8	1	1	1/8		1/8	1		8	44		395
46	45	1/8	1/8	6/8	1	1	1/8		1/8	1		2	62		396
46	45	1/4	1/4	6/8	1	1	1/8		1/8	1		6	42		397
46	45	3/8	3/8	6/8	1	1	1/8		1/8	1		4	40		398
46	45	1/2	1/2	6/8	1	1	1/16		1/16	1		4	64		399
46	45	9/16	9/16	6/8	1	1	1/16		1/16	1		2	62		400
46	45	5/8	5/8	6/8	1	1	1/16		1/16	1		7	61		401
46	45	11/16	11/16	6/8	1	1	1/16		1/16	1		5	59		402
47	46	0	0	6/8	1	1	1/8		1/8	1		7	61		403
47	46	1/8	1/8	6/8	1	1	1/16		1/16	1		3	57		404
47	46	3/16	3/16	6/8	1	1	1/16		1/16	1		5	59		405
47	46	1/4	1/4	6/8	1	1	1/16		1/16	1		7	61		406
47	46	5/16	5/16	6/8	1	1	1/16		1/16	1		2	62		407
47	46	3/8	3/8	6/8	1	1	1/16		1/16	1		4	64		408
47	46	7/16	7/16	6/8	1	1	1/16		1/16	1		6	66		409
47	46	1/2	1/2	6/8	1	1	1/16		1/16	1		8	68		410
47	46	9/16	9/16	6/8	1	1	1/16		1/16	1		3	69		411
47	46	5/8	5/8	6/8	1	1	1/16		1/16	1		5	71		412
47	46	11/16	11/16	6/8	1	1	1/16		1/16	1		2	62		413
48	47	0	0	6/8	1	1	1/8		1/8	1		11	53		414
48	47	1/8	1/8	6/8	1	1	1/8		1/8	1		7	61		415
48	47	1/4	1/4	6/8	1	1	1/8		1/8	1		5	71		416
48	47	3/8	3/8	6/8	1	1	1/8		1/8	1		7	49		417
48	47	1/2	1/2	6/8	1	1	1/16		1/16	1		5	71		418
48	47	9/16	9/16	6/8	1	1	1/16		1/16	1		3	69		419
48	47	5/8	5/8	6/8	1	1	1/16		1/16	1		5	71		420
48	47	11/16	11/16	6/8	1	1	1/16		1/16	1		8	68		421
49	48	0	0	6/8	1	1	1/16		1/16	1		3	69		422
49	48	1/16	1/16	6/8	1	1	1/16		1/16	1		6	66		423
49	48	1/8	1/8	6/8	1	1	1/16		1/16	1		7	61		424
49	48	3/16	3/16	6/8	1	1	1/16		1/16	1		5	59		425
49	48	1/4	1/4	6/8	1	1	1/16		1/16	1		3	57		426
49	48	5/16	5/16	6/8	1	1	1/16		1/16	1		8	56		427
49	48	3/8	3/8	6/8	1	1	1/16		1/16	1		6	54		428
49	48	7/16	7/16	6/8	1	1	1/16		1/16	1		8	56		429
49	48	1/2	1/2	6/8	1	1	1/16		1/16	1		3	57		430
49	48	9/16	9/16	6/8	1	1	1/16		1/16	1		5	59		431
49	48	5/8	5/8	6/8	1	1	1/16		1/16	1		7	61		432
49	48	11/16	11/16	6/8	1	1	1/16		1/16	1		2	62		433
50	49	0	0	6/8	1	1	1/16		1/16	1		4	64		434
50	49	1/16	1/16	6/8	1	1	1/16		1/16	1		6	66		435
50	49	1/8	1/8	6/8	1	1	1/8		1/8	1		1	67		436
50	49	1/4	1/4	6/8	1	1	1/8		1/8	1		7	49		437
50	49	3/8	3/8	6/8	1	1	1/8		1/8	1		3	45		438
50	49	1/2	1/2	6/8	1	1	1/16		1/16	1		3	69		439
50	49	9/16	9/16	6/8	1	1	1/16		1/16	1		1	67		440
50	49	5/8	5/8	6/8	1	1	1/16		1/16	1		6	66		441
50	49	11/16	11/16	6/8	1	1	1/16		1/16	1		4	64		442
51	50	0	0	6/8	1	1	1/8		1/8	1		6	66		443
51	50	1/8	1/8	6/8	1	1	1/16		1/16	1		2	50		444
51	50	3/16	3/16	6/8	1	1	1/16		1/16	1		0	48		445
51	50	1/4	1/4	6/8	1	1	1/16		1/16	1		5	47		446
51	50	5/16	5/16	6/8	1	1	1/16		1/16	1		3	45		447
51	50	3/8	3/8	6/8	1	1	1/16		1/16	1		1	43		448
51	50	7/16	7/16	6/8	1	1	1/16		1/16	1		2	50		449
51	50	1/2	1/2	6/8	1	1	1/16		1/16	1		4	52		450
51	50	9/16	9/16	6/8	1	1	1/16		1/16	1		6	54		451
51	50	5/8	5/8	6/8	1	1	1/16		1/16	1		1	55		452
51	50	11/16	11/16	6/8	1	1	1/16		1/16	1		3	57		453
52	51	0	0	6/8	1	1	1/16		1/16	1		5	59		454
52	51	1/16	1/16	6/8	1	1	1/16		1/16	1		2	62		455
52	51	1/8	1/8	6/8	1	1	1/16		1/16	1		4	64		456
52	51	3/16	3/16	6/8	1	1	1/16		1/16	1		6	66		457
52	51	1/4	1/4	6/8	1	1	1/16		1/16	1		1	67		458
52	51	5/16	5/16	6/8	1	1	1/16		1/16	1		3	69		459
52	51	3/8	3/8	6/8	1	1	1/16		1/16	1		5	71		460
52	51	7/16	7/16	6/8	1	1	1/16		1/16	1		7	73		461
52	51	1/2	1/2	6/8	1	1	1/16		1/16	1		2	74		462
52	51	9/16	9/16	6/8	1	1	1/16		1/16	1		7	73		463
52	51	5/8	5/8	6/8	1	1	1/16		1/16	1		5	71		464
52	51	11/16	11/16	6/8	1	1	1/16		1/16	1		3	69		465
53	52	0	0	6/8	1	1	1/16		1/16	1		1	67		466
53	52	1/16	1/16	6/8	1	1	1/16		1/16	1		6	66		467
53	52	1/8	1/8	6/8	1	1	1/16		1/16	1		4	64		468
53	52	3/16	3/16	6/8	1	1	1/16		1/16	1		2	62		469
53	52	1/4	1/4	6/8	1	1	1/16		1/16	1		7	61		470
53	52	5/16	5/16	6/8	1	1	1/16		1/16	1		5	59		471
53	52	3/8	3/8	6/8	1	1	1/4		1/4	1		3	57		472
53	52	5/8	5/8	6/8	1	1	1/8		1/8	1		3	57		473
54	53	0	0	6/8	1	1	3/8		1/4	3/2		2	62		474
54	53	3/8	3/8	6/8	1	1	1/16		1/16	1		6	54		475
54	53	7/16	7/16	6/8	1	1	1/16		1/16	1		4	52		476
54	53	1/2	1/2	6/8	1	1	1/16		1/16	1		6	54		477
54	53	9/16	9/16	6/8	1	1	1/16		1/16	1		1	55		478
54	53	5/8	5/8	6/8	1	1	1/8		1/8	1		3	57		479
55	54	0	0	6/8	1	1	3/8		1/4	3/2		3	57		480
55	54	3/8	3/8	6/8	1	1	1/16		1/16	1		2	50		481
55	54	7/16	7/16	6/8	1	1	1/16		1/16	1		7	49		482
55	54	1/2	1/2	6/8	1	1	1/16		1/16	1		2	50		483
55	54	9/16	9/16	6/8	1	1	1/16		1/16	1		4	52		484
55	54	5/8	5/8	6/8	1	1	1/8		1/8	1		6	54		485
56	55	0	0	6/8	1	1	1/16		1/16	1		6	54		486
56	55	1/16	1/16	6/8	1	1	1/16		1/16	1		4	52		487
56	55	1/8	1/8	6/8	1	1	1/16		1/16	1		6	54		488
56	55	3/16	3/16	6/8	1	1	1/16		1/16	1		1	55		489
56	55	1/4	1/4	6/8	1	1	1/8		1/8	1		3	57		490
56	55	3/8	3/8	6/8	1	1	1/8		1/8	1		3	57		491
56	55	1/2	1/2	6/8	1	1	1/16		1/16	1		5	59		492
56	55	9/16	9/16	6/8	1	1	1/16		1/16	1		3	57		493
56	55	5/8	5/8	6/8	1	1	1/16		1/16	1		1	55		494
56	55	11/16	11/16	6/8	1	1	1/16		1/16	1		3	57		495
57	56	0	0	6/8	1	1	1/16		1/16	1		6	54		496
57	56	1/16	1/16	6/8	1	1	1/16		1/16	1		3	45		497
57	56	1/8	1/8	6/8	1	1	1/16		1/16	1		5	47		498
57	56	3/16	3/16	6/8	1	1	1/16		1/16	1		7	49		499
57	56	1/4	1/4	6/8	1	1	1/16		1/16	1		2	50		500
57	56	5/16	5/16	6/8	1	1	1/16		1/16	1		4	52		501
57	56	3/8	3/8	6/8	1	1	1/16		1/16	1		6	54		502
57	56	7/16	7/16	6/8	1	1	1/16		1/16	1		1	55		503
57	56	1/2	1/2	6/8	1	1	1/16		1/16	1		3	57		504
57	56	9/16	9/16	6/8	1	1	1/16		1/16	1		5	59		505
57	56	5/8	5/8	6/8	1	1	1/16		1/16	1		0	60		506
57	56	11/16	11/16	6/8	1	1	1/16		1/16	1		2	62		507
58	57	0	0	6/8	1	2	1/8		1/8	1		1	43		515
58	57	0	0	6/8	1	3	1/8		1/8	1		2	50		516
58	57	0	0	6/8	1	1	1/8		1/8	1		5	59		508
58	57	1/8	1/8	6/8	1	1	1/8		1/8	1		3	57		509
58	57	1/4	1/4	6/8	1	1	1/8		1/8	1		5	59		510
58	57	3/8	3/8	6/8	1	1	1/16		1/16	1		4	52		511
58	57	7/16	7/16	6/8	1	1	1/16		1/16	1		6	54		512
58	57	1/2	1/2	6/8	1	1	1/8		1/8	1		1	55		513
58	57	5/8	5/8	6/8	1	1	1/8		1/8	1		4	52		514
59	58	0	0	6/8	1	1	1/16		1/16	1		7	49		517
59	58	1/16	1/16	6/8	1	1	1/16		1/16	1		5	47		518
59	58	1/8	1/8	6/8	1	1	1/16		1/16	1		7	49		519
59	58	3/16	3/16	6/8	1	1	1/16		1/16	1		2	50		520
59	58	1/4	1/4	6/8	1	1	1/8		1/8	1		4	52		521
59	58	3/8	3/8	6/8	1	1	1/8		1/8	1		3	45		522
59	58	1/2	1/2	6/8	1	1	1/16		1/16	1		1	43		523
59	58	9/16	9/16	6/8	1	1	1/16		1/16	1		6	42		524
59	58	5/8	5/8	6/8	1	1	1/16		1/16	1		1	43		525
59	58	11/16	11/16	6/8	1	1	1/16		1/16	1		4	40		526
60	59	0	0	6/8	1	1	1/8		1/8	1		6	42		527
60	59	1/8	1/8	6/8	1	1	1/16		1/16	1		3	57		528
60	59	3/16	3/16	6/8	1	1	1/16		1/16	1		1	55		529
60	59	1/4	1/4	6/8	1	1	1/16		1/16	1		6	54		530
60	59	5/16	5/16	6/8	1	1	1/16		1/16	1		4	52		531
60	59	3/8	3/8	6/8	1	1	1/16		1/16	1		2	50		532
60	59	7/16	7/16	6/8	1	1	1/16		1/16	1		4	52		533
60	59	1/2	1/2	6/8	1	1	1/16		1/16	1		6	54		534
60	59	9/16	9/16	6/8	1	1	1/16		1/16	1		4	52		535
60	59	5/8	5/8	6/8	1	1	1/16		1/16	1		2	50		536
60	59	11/16	11/16	6/8	1	1	1/16		1/16	1		7	49		537
61	60	0	0	6/8	1	1	1/16		1/16	1		5	47		538
61	60	1/16	1/16	6/8	1	1	1/16		1/16	1		3	45		539
61	60	1/8	1/8	6/8	1	1	1/16		1/16	1		5	47		540
61	60	3/16	3/16	6/8	1	1	1/16		1/16	1		7	49		541
61	60	1/4	1/4	6/8	1	1	1/16		1/16	1		2	50		542
61	60	5/16	5/16	6/8	1	1	1/16		1/16	1		5	47		543
61	60	3/8	3/8	6/8	1	2	1/16		1/16	1		6	42		550
61	60	3/8	3/8	6/8	1	1	1/16		1/16	1		1	43		544
61	60	7/16	7/16	6/8	1	1	1/16		1/16	1		5	47		545
61	60	1/2	1/2	6/8	1	1	1/16		1/16	1		7	49		546
61	60	9/16	9/16	6/8	1	1	1/16		1/16	1		2	50		547
61	60	5/8	5/8	6/8	1	1	1/16		1/16	1		4	52		548
61	60	11/16	11/16	6/8	1	1	1/16		1/16	1		6	54		549
62	61	0	0	6/8	1	2	1/8		1/8	1		4	40		558
62	61	0	0	6/8	1	3	1/8		1/8	1		5	47		559
62	61	0	0	6/8	1	1	1/8		1/8	1		1	55		551
62	61	1/8	1/8	6/8	1	1	1/8		1/8	1		6	54		552
62	61	1/4	1/4	6/8	1	1	1/8		1/8	1		1	55		553
62	61	3/8	3/8	6/8	1	1	1/16		1/16	1		5	59		554
62	61	7/16	7/16	6/8	1	1	1/16		1/16	1		7	61		555
62	61	1/2	1/2	6/8	1	1	1/8		1/8	1		2	62		556
62	61	5/8	5/8	6/8	1	1	1/8		1/8	1		5	59		557
63	62	0	0	6/8	1	2	1/8		1/8	1		2	38		569
63	62	0	0	6/8	1	3	1/8		1/8	1		5	47		570
63	62	0	0	6/8	1	1	1/8		1/8	1		1	55		560
63	62	1/8	1/8	6/8	1	1	1/8		1/8	1		6	54		561
63	62	1/4	1/4	6/8	1	1	1/8		1/8	1		1	55		562
63	62	3/8	3/8	6/8	1	1	1/16		1/16	1		4	52		563
63	62	7/16	7/16	6/8	1	1	1/16		1/16	1		6	54		564
63	62	1/2	1/2	6/8	1	1	1/16		1/16	1		1	55		565
63	62	9/16	9/16	6/8	1	1	1/16		1/16	1		4	52		566
63	62	5/8	5/8	6/8	1	1	1/16		1/16	1		6	54		567
63	62	11/16	11/16	6/8	1	1	1/16		1/16	1		1	55		568
64	63	0	0	6/8	1	1	1/16		1/16	1		7	37		571
64	63	1/16	1/16	6/8	1	1	1/16		1/16	1		4	40		572
64	63	1/8	1/8	6/8	1	1	1/16		1/16	1		3	45		573
64	63	3/16	3/16	6/8	1	1	1/16		1/16	1		7	49		574
64	63	1/4	1/4	6/8	1	1	1/16		1/16	1		4	52		575
64	63	5/16	5/16	6/8	1	1	1/16		1/16	1		1	55		576
64	63	3/8	3/8	6/8	1	1	1/16		1/16	1		4	64		577
64	63	7/16	7/16	6/8	1	1	1/16		1/16	1		2	62		578
64	63	1/2	1/2	6/8	1	1	1/16		1/16	1		7	61		579
64	63	9/16	9/16	6/8	1	1	1/16		1/16	1		2	62		580
64	63	5/8	5/8	6/8	1	1	1/16		1/16	1		4	64		581
64	63	11/16	11/16	6/8	1	1	1/16		1/16	1		7	61		582
65	64	0	0	6/8	1	1	1/16		1/16	1		1	67		583
65	64	1/16	1/16	6/8	1	1	1/16		1/16	1		6	66		584
65	64	1/8	1/8	6/8	1	1	1/16		1/16	1		4	64		585
65	64	3/16	3/16	6/8	1	1	1/16		1/16	1		6	66		586
65	64	1/4	1/4	6/8	1	1	1/16		1/16	1		1	67		587
65	64	5/16	5/16	6/8	1	1	1/16		1/16	1		4	64		588
65	64	3/8	3/8	6/8	1	1	1/16		1/16	1		7	73		589
65	64	7/16	7/16	6/8	1	1	1/16		1/16	1		5	71		590
65	64	1/2	1/2	6/8	1	1	1/16		1/16	1		3	69		591
65	64	9/16	9/16	6/8	1	1	1/16		1/16	1		5	71		592
65	64	5/8	5/8	6/8	1	1	1/16		1/16	1		7	73		593
65	64	11/16	11/16	6/8	1	1	1/16		1/16	1		3	69		594
66	65	0	0	6/8	1	2	1/8		1/8	1		6	66		604
66	65	0	0	6/8	1	1	1/16		1/16	1		2	74		595
66	65	1/16	1/16	6/8	1	1	1/16		1/16	1		3	69		596
66	65	1/8	1/8	6/8	1	2	1/8		1/8	1		6	66		605
66	65	1/8	1/8	6/8	1	1	1/16		1/16	1		2	74		597
66	65	3/16	3/16	6/8	1	1	1/16		1/16	1		3	69		598
66	65	1/4	1/4	6/8	1	2	1/8		1/8	1		6	66		606
66	65	1/4	1/4	6/8	1	1	1/16		1/16	1		2	74		599
66	65	5/16	5/16	6/8	1	1	1/16		1/16	1		3	69		600
66	65	3/8	3/8	6/8	1	2	1/16		1/16	1		6	66		607
66	65	3/8	3/8	6/8	1	1	1/8		1/8	1		3	69		601
66	65	7/16	7/16	6/8	1	2	1/16		1/16	1		2	62		608
66	65	1/2	1/2	6/8	1	2	1/16		1/16	1		6	66		609
66	65	1/2	1/2	6/8	1	1	1/8		1/8	1		3	69		602
66	65	9/16	9/16	6/8	1	2	1/16		1/16	1		2	62		610
66	65	5/8	5/8	6/8	1	2	1/16		1/16	1		6	66		611
66	65	5/8	5/8	6/8	1	1	1/8		1/8	1		3	69		603
66	65	11/16	11/16	6/8	1	2	1/16		1/16	1		2	62		612
67	66	0	0	6/8	1	2	1/16		1/16	1		5	59		619
67	66	0	0	6/8	1	1	1/8		1/8	1		2	62		613
67	66	1/16	1/16	6/8	1	2	1/16		1/16	1		1	55		620
67	66	1/8	1/8	6/8	1	2	1/16		1/16	1		5	59		621
67	66	1/8	1/8	6/8	1	1	1/8		1/8	1		2	62		614
67	66	3/16	3/16	6/8	1	2	1/16		1/16	1		1	55		622
67	66	1/4	1/4	6/8	1	2	1/16		1/16	1		5	59		623
67	66	1/4	1/4	6/8	1	1	1/8		1/8	1		2	62		615
67	66	5/16	5/16	6/8	1	2	1/16		1/16	1		1	55		624
67	66	3/8	3/8	6/8	1	2	1/16		1/16	1		4	52		625
67	66	3/8	3/8	6/8	1	1	1/8		1/8	1		1	55		616
67	66	7/16	7/16	6/8	1	2	1/16		1/16	1		7	49		626
67	66	1/2	1/2	6/8	1	2	1/16		1/16	1		4	52		627
67	66	1/2	1/2	6/8	1	1	1/8		1/8	1		1	55		617
67	66	9/16	9/16	6/8	1	2	1/16		1/16	1		7	49		628
67	66	5/8	5/8	6/8	1	2	1/16		1/16	1		4	52		629
67	66	5/8	5/8	6/8	1	1	1/8		1/8	1		1	55		618
67	66	11/16	11/16	6/8	1	2	1/16		1/16	1		7	49		630
68	67	0	0	6/8	1	1	1/16		1/16	1		6	42		631
68	67	1/16	1/16	6/8	1	1	1/16		1/16	1		3	69		632
68	67	1/8	1/8	6/8	1	1	1/16		1/16	1		1	67		633
68	67	3/16	3/16	6/8	1	1	1/16		1/16	1		6	66		634
68	67	1/4	1/4	6/8	1	1	1/16		1/16	1		4	64		635
68	67	5/16	5/16	6/8	1	1	1/16		1/16	1		2	62		636
68	67	3/8	3/8	6/8	1	1	1/16		1/16	1		3	57		637
68	67	7/16	7/16	6/8	1	1	1/16		1/16	1		1	67		638
68	67	1/2	1/2	6/8	1	1	1/16		1/16	1		6	66		639
68	67	9/16	9/16	6/8	1	1	1/16		1/16	1		4	64		640
68	67	5/8	5/8	6/8	1	1	1/16		1/16	1		2	62		641
68	67	11/16	11/16	6/8	1	1	1/16		1/16	1		7	61		642
69	68	0	0	6/8	1	1	1/16		1/16	1		2	62		643
69	68	1/16	1/16	6/8	1	1	1/16		1/16	1		3	57		644
69	68	1/8	1/8	6/8	1	1	1/16		1/16	1		6	54		645
69	68	3/16	3/16	6/8	1	1	1/16		1/16	1		2	50		646
69	68	1/4	1/4	6/8	1	1	1/16		1/16	1		3	45		647
69	68	5/16	5/16	6/8	1	1	1/16		1/16	1		6	42		648
69	68	3/8	3/8	6/8	1	1	1/4		1/4	1		2	38		649
