mc	mn	mc_onset	mn_onset	timesig	staff	voice	duration	nominal_duration	scalar	tied	tpc	midi	volta	chord_id
1	1	0	0	12/8	1	1	1/8	1/8	1		2	50		0
1	1	1/8	1/8	12/8	1	1	1/8	1/8	1		2	50		1
1	1	1/4	1/4	12/8	1	1	1/8	1/8	1		2	50		2
1	1	3/8	3/8	12/8	1	1	1/8	1/8	1		2	50		3
1	1	1/2	1/2	12/8	1	1	1/8	1/8	1		2	50		4
1	1	5/8	5/8	12/8	1	1	1/8	1/8	1		6	54		5
1	1	3/4	3/4	12/8	1	1	1/8	1/8	1		2	50		6
1	1	7/8	7/8	12/8	1	1	1/8	1/8	1		2	50		7
1	1	1	1	12/8	1	1	1/8	1/8	1		3	57		8
1	1	9/8	9/8	12/8	1	1	1/8	1/8	1		2	50		9
1	1	5/4	5/4	12/8	1	1	1/8	1/8	1		2	50		10
1	1	11/8	11/8	12/8	1	1	1/8	1/8	1		2	62		11
2	2	0	0	12/8	1	1	1/8	1/8	1		2	50		12
2	2	1/8	1/8	12/8	1	1	1/8	1/8	1		2	50		13
2	2	1/4	1/4	12/8	1	1	1/8	1/8	1		2	50		14
2	2	3/8	3/8	12/8	1	1	1/8	1/8	1		2	50		15
2	2	1/2	1/2	12/8	1	1	1/8	1/8	1		2	50		16
2	2	5/8	5/8	12/8	1	1	1/8	1/8	1		6	54		17
2	2	3/4	3/4	12/8	1	1	1/8	1/8	1		2	50		18
2	2	7/8	7/8	12/8	1	1	1/8	1/8	1		2	50		19
2	2	1	1	12/8	1	1	1/8	1/8	1		3	57		20
2	2	9/8	9/8	12/8	1	1	1/8	1/8	1		2	50		21
2	2	5/4	5/4	12/8	1	1	1/8	1/8	1		2	50		22
2	2	11/8	11/8	12/8	1	1	1/8	1/8	1		2	62		23
3	3	0	0	12/8	1	1	1/8	1/8	1		5	59		24
3	3	1/8	1/8	12/8	1	1	1/8	1/8	1		2	50		25
3	3	1/4	1/4	12/8	1	1	1/8	1/8	1		1	55		26
3	3	3/8	3/8	12/8	1	1	1/8	1/8	1		5	59		27
3	3	1/2	1/2	12/8	1	1	1/8	1/8	1		7	61		28
3	3	5/8	5/8	12/8	1	1	1/8	1/8	1		2	62		29
3	3	3/4	3/4	12/8	1	1	1/8	1/8	1		3	57		30
3	3	7/8	7/8	12/8	1	1	1/8	1/8	1		2	50		31
3	3	1	1	12/8	1	1	1/8	1/8	1		6	54		32
3	3	9/8	9/8	12/8	1	1	1/8	1/8	1		3	57		33
3	3	5/4	5/4	12/8	1	1	1/8	1/8	1		7	61		34
3	3	11/8	11/8	12/8	1	1	1/8	1/8	1		2	62		35
4	4	0	0	12/8	1	1	1/8	1/8	1		5	59		36
4	4	1/8	1/8	12/8	1	1	1/8	1/8	1		2	50		37
4	4	1/4	1/4	12/8	1	1	1/8	1/8	1		1	55		38
4	4	3/8	3/8	12/8	1	1	1/8	1/8	1		5	59		39
4	4	1/2	1/2	12/8	1	1	1/8	1/8	1		7	61		40
4	4	5/8	5/8	12/8	1	1	1/8	1/8	1		2	62		41
4	4	3/4	3/4	12/8	1	1	1/8	1/8	1		3	57		42
4	4	7/8	7/8	12/8	1	1	1/8	1/8	1		2	50		43
4	4	1	1	12/8	1	1	1/8	1/8	1		6	54		44
4	4	9/8	9/8	12/8	1	1	1/8	1/8	1		3	57		45
4	4	5/4	5/4	12/8	1	1	1/8	1/8	1		7	61		46
4	4	11/8	11/8	12/8	1	1	1/8	1/8	1		2	62		47
5	5	0	0	12/8	1	1	1/8	1/8	1		1	55		48
5	5	1/8	1/8	12/8	1	1	1/8	1/8	1		4	52		49
5	5	1/4	1/4	12/8	1	1	1/8	1/8	1		6	54		50
5	5	3/8	3/8	12/8	1	1	1/8	1/8	1		1	55		51
5	5	1/2	1/2	12/8	1	1	1/8	1/8	1		2	50		52
5	5	5/8	5/8	12/8	1	1	1/8	1/8	1		6	54		53
5	5	3/4	3/4	12/8	1	1	1/8	1/8	1		1	55		54
5	5	7/8	7/8	12/8	1	1	1/8	1/8	1		7	49		55
5	5	1	1	12/8	1	1	1/8	1/8	1		6	54		56
5	5	9/8	9/8	12/8	1	1	1/8	1/8	1		1	55		57
5	5	5/4	5/4	12/8	1	1	1/8	1/8	1		3	45		58
5	5	11/8	11/8	12/8	1	1	1/8	1/8	1		1	55		59
6	6	0	0	12/8	1	1	1/8	1/8	1		6	54		60
6	6	1/8	1/8	12/8	1	1	1/8	1/8	1		2	50		61
6	6	1/4	1/4	12/8	1	1	1/8	1/8	1		4	52		62
6	6	3/8	3/8	12/8	1	1	1/8	1/8	1		6	54		63
6	6	1/2	1/2	12/8	1	1	1/8	1/8	1		7	49		64
6	6	5/8	5/8	12/8	1	1	1/8	1/8	1		4	52		65
6	6	3/4	3/4	12/8	1	1	1/8	1/8	1		6	54		66
6	6	7/8	7/8	12/8	1	1	1/8	1/8	1		5	47		67
6	6	1	1	12/8	1	1	1/8	1/8	1		2	50		68
6	6	9/8	9/8	12/8	1	1	1/8	1/8	1		6	54		69
6	6	5/4	5/4	12/8	1	1	1/8	1/8	1		3	45		70
6	6	11/8	11/8	12/8	1	1	1/8	1/8	1		2	50		71
7	7	0	0	12/8	1	1	1/8	1/8	1		4	52		72
7	7	1/8	1/8	12/8	1	1	1/8	1/8	1		8	44		73
7	7	1/4	1/4	12/8	1	1	1/8	1/8	1		2	50		74
7	7	3/8	3/8	12/8	1	1	1/8	1/8	1		4	52		75
7	7	1/2	1/2	12/8	1	1	1/8	1/8	1		3	45		76
7	7	5/8	5/8	12/8	1	1	1/8	1/8	1		7	49		77
7	7	3/4	3/4	12/8	1	1	1/8	1/8	1		2	50		78
7	7	7/8	7/8	12/8	1	1	1/8	1/8	1		3	45		79
7	7	1	1	12/8	1	1	1/8	1/8	1		7	49		80
7	7	9/8	9/8	12/8	1	1	1/8	1/8	1		2	50		81
7	7	5/4	5/4	12/8	1	1	1/8	1/8	1		1	43		82
7	7	11/8	11/8	12/8	1	1	1/8	1/8	1		5	47		83
8	8	0	0	12/8	1	1	1/8	1/8	1		7	49		84
8	8	1/8	1/8	12/8	1	1	1/8	1/8	1		3	45		85
8	8	1/4	1/4	12/8	1	1	1/8	1/8	1		7	49		86
8	8	3/8	3/8	12/8	1	1	1/8	1/8	1		4	52		87
8	8	1/2	1/2	12/8	1	1	1/8	1/8	1		6	54		88
8	8	5/8	5/8	12/8	1	1	1/8	1/8	1		8	56		89
8	8	3/4	3/4	12/8	1	1	1/8	1/8	1		3	57		90
8	8	7/8	7/8	12/8	1	1	1/8	1/8	1		7	49		91
8	8	1	1	12/8	1	1	1/8	1/8	1		4	52		92
8	8	9/8	9/8	12/8	1	1	1/8	1/8	1		8	56		93
8	8	5/4	5/4	12/8	1	1	1/8	1/8	1		3	57		94
8	8	11/8	11/8	12/8	1	1	1/8	1/8	1		5	59		95
9	9	0	0	12/8	1	1	1/8	1/8	1		7	61		96
9	9	1/8	1/8	12/8	1	1	1/8	1/8	1		4	52		97
9	9	1/4	1/4	12/8	1	1	1/8	1/8	1		8	56		98
9	9	3/8	3/8	12/8	1	1	1/8	1/8	1		3	57		99
9	9	1/2	1/2	12/8	1	1	1/8	1/8	1		7	61		100
9	9	5/8	5/8	12/8	1	1	1/8	1/8	1		2	62		101
9	9	3/4	3/4	12/8	1	1	1/8	1/8	1		4	64		102
9	9	7/8	7/8	12/8	1	1	1/8	1/8	1		3	57		103
9	9	1	1	12/8	1	1	1/8	1/8	1		7	61		104
9	9	9/8	9/8	12/8	1	1	1/8	1/8	1		4	64		105
9	9	5/4	5/4	12/8	1	1	1/8	1/8	1		6	66		106
9	9	11/8	11/8	12/8	1	1	1/8	1/8	1		8	68		107
10	10	0	0	12/8	1	1	1/8	1/8	1		3	69		108
10	10	1/8	1/8	12/8	1	1	1/8	1/8	1		3	57		109
10	10	1/4	1/4	12/8	1	1	1/8	1/8	1		5	59		110
10	10	3/8	3/8	12/8	1	1	1/8	1/8	1		7	61		111
10	10	1/2	1/2	12/8	1	1	1/8	1/8	1		4	64		112
10	10	5/8	5/8	12/8	1	1	1/8	1/8	1		5	59		113
10	10	3/4	3/4	12/8	1	1	1/8	1/8	1		7	61		114
10	10	7/8	7/8	12/8	1	1	1/8	1/8	1		3	69		115
10	10	1	1	12/8	1	1	1/8	1/8	1		4	64		116
10	10	9/8	9/8	12/8	1	1	1/8	1/8	1		7	61		117
10	10	5/4	5/4	12/8	1	1	1/8	1/8	1		4	64		118
10	10	11/8	11/8	12/8	1	1	1/8	1/8	1		7	61		119
11	11	0	0	12/8	1	1	1/8	1/8	1		3	57		120
11	11	1/8	1/8	12/8	1	1	1/8	1/8	1		3	69		121
11	11	1/4	1/4	12/8	1	1	1/8	1/8	1		5	59		122
11	11	3/8	3/8	12/8	1	1	1/8	1/8	1		7	61		123
11	11	1/2	1/2	12/8	1	1	1/8	1/8	1		4	64		124
11	11	5/8	5/8	12/8	1	1	1/8	1/8	1		5	59		125
11	11	3/4	3/4	12/8	1	1	1/8	1/8	1		7	61		126
11	11	7/8	7/8	12/8	1	1	1/8	1/8	1		3	69		127
11	11	1	1	12/8	1	1	1/8	1/8	1		4	64		128
11	11	9/8	9/8	12/8	1	1	1/8	1/8	1		7	61		129
11	11	5/4	5/4	12/8	1	1	1/8	1/8	1		4	64		130
11	11	11/8	11/8	12/8	1	1	1/8	1/8	1		7	61		131
12	12	0	0	12/8	1	1	1/8	1/8	1		3	57		132
12	12	1/8	1/8	12/8	1	1	1/8	1/8	1		3	57		133
12	12	1/4	1/4	12/8	1	1	1/8	1/8	1		3	57		134
12	12	3/8	3/8	12/8	1	1	1/8	1/8	1		3	57		135
12	12	1/2	1/2	12/8	1	1	1/8	1/8	1		3	57		136
12	12	5/8	5/8	12/8	1	1	1/8	1/8	1		7	61		137
12	12	3/4	3/4	12/8	1	1	1/8	1/8	1		3	57		138
12	12	7/8	7/8	12/8	1	1	1/8	1/8	1		3	57		139
12	12	1	1	12/8	1	1	1/8	1/8	1		4	64		140
12	12	9/8	9/8	12/8	1	1	1/8	1/8	1		3	57		141
12	12	5/4	5/4	12/8	1	1	1/8	1/8	1		3	57		142
12	12	11/8	11/8	12/8	1	1	1/8	1/8	1		3	69		143
13	13	0	0	12/8	1	1	1/8	1/8	1		3	57		144
13	13	1/8	1/8	12/8	1	1	1/8	1/8	1		3	57		145
13	13	1/4	1/4	12/8	1	1	1/8	1/8	1		3	57		146
13	13	3/8	3/8	12/8	1	1	1/8	1/8	1		3	57		147
13	13	1/2	1/2	12/8	1	1	1/8	1/8	1		3	57		148
13	13	5/8	5/8	12/8	1	1	1/8	1/8	1		7	61		149
13	13	3/4	3/4	12/8	1	1	1/8	1/8	1		3	57		150
13	13	7/8	7/8	12/8	1	1	1/8	1/8	1		3	57		151
13	13	1	1	12/8	1	1	1/8	1/8	1		4	64		152
13	13	9/8	9/8	12/8	1	1	1/8	1/8	1		3	57		153
13	13	5/4	5/4	12/8	1	1	1/8	1/8	1		3	57		154
13	13	11/8	11/8	12/8	1	1	1/8	1/8	1		3	69		155
14	14	0	0	12/8	1	1	1/8	1/8	1		6	66		156
14	14	1/8	1/8	12/8	1	1	1/8	1/8	1		3	57		157
14	14	1/4	1/4	12/8	1	1	1/8	1/8	1		2	62		158
14	14	3/8	3/8	12/8	1	1	1/8	1/8	1		6	66		159
14	14	1/2	1/2	12/8	1	1	1/8	1/8	1		8	68		160
14	14	5/8	5/8	12/8	1	1	1/8	1/8	1		3	69		161
14	14	3/4	3/4	12/8	1	1	1/8	1/8	1		4	64		162
14	14	7/8	7/8	12/8	1	1	1/8	1/8	1		3	57		163
14	14	1	1	12/8	1	1	1/8	1/8	1		7	61		164
14	14	9/8	9/8	12/8	1	1	1/8	1/8	1		4	64		165
14	14	5/4	5/4	12/8	1	1	1/8	1/8	1		8	68		166
14	14	11/8	11/8	12/8	1	1	1/8	1/8	1		3	69		167
15	15	0	0	12/8	1	1	1/8	1/8	1		6	66		168
15	15	1/8	1/8	12/8	1	1	1/8	1/8	1		3	57		169
15	15	1/4	1/4	12/8	1	1	1/8	1/8	1		2	62		170
15	15	3/8	3/8	12/8	1	1	1/8	1/8	1		6	66		171
15	15	1/2	1/2	12/8	1	1	1/8	1/8	1		8	68		172
15	15	5/8	5/8	12/8	1	1	1/8	1/8	1		3	69		173
15	15	3/4	3/4	12/8	1	1	1/8	1/8	1		4	64		174
15	15	7/8	7/8	12/8	1	1	1/8	1/8	1		3	57		175
15	15	1	1	12/8	1	1	1/8	1/8	1		7	61		176
15	15	9/8	9/8	12/8	1	1	1/8	1/8	1		4	64		177
15	15	5/4	5/4	12/8	1	1	1/8	1/8	1		8	68		178
15	15	11/8	11/8	12/8	1	1	1/8	1/8	1		3	69		179
16	16	0	0	12/8	1	1	1/8	1/8	1		2	62		180
16	16	1/8	1/8	12/8	1	1	1/8	1/8	1		5	59		181
16	16	1/4	1/4	12/8	1	1	1/8	1/8	1		7	61		182
16	16	3/8	3/8	12/8	1	1	1/8	1/8	1		2	62		183
16	16	1/2	1/2	12/8	1	1	1/8	1/8	1		3	57		184
16	16	5/8	5/8	12/8	1	1	1/8	1/8	1		7	61		185
16	16	3/4	3/4	12/8	1	1	1/8	1/8	1		2	62		186
16	16	7/8	7/8	12/8	1	1	1/8	1/8	1		8	56		187
16	16	1	1	12/8	1	1	1/8	1/8	1		7	61		188
16	16	9/8	9/8	12/8	1	1	1/8	1/8	1		2	62		189
16	16	5/4	5/4	12/8	1	1	1/8	1/8	1		4	52		190
16	16	11/8	11/8	12/8	1	1	1/8	1/8	1		2	62		191
17	17	0	0	12/8	1	1	1/8	1/8	1		7	61		192
17	17	1/8	1/8	12/8	1	1	1/8	1/8	1		3	57		193
17	17	1/4	1/4	12/8	1	1	1/8	1/8	1		5	59		194
17	17	3/8	3/8	12/8	1	1	1/8	1/8	1		7	61		195
17	17	1/2	1/2	12/8	1	1	1/8	1/8	1		8	56		196
17	17	5/8	5/8	12/8	1	1	1/8	1/8	1		5	59		197
17	17	3/4	3/4	12/8	1	1	1/8	1/8	1		7	61		198
17	17	7/8	7/8	12/8	1	1	1/8	1/8	1		6	54		199
17	17	1	1	12/8	1	1	1/8	1/8	1		3	57		200
17	17	9/8	9/8	12/8	1	1	1/8	1/8	1		7	61		201
17	17	5/4	5/4	12/8	1	1	1/8	1/8	1		4	52		202
17	17	11/8	11/8	12/8	1	1	1/8	1/8	1		3	57		203
18	18	0	0	12/8	1	1	1/8	1/8	1		0	60		204
18	18	1/8	1/8	12/8	1	1	1/8	1/8	1		9	51		205
18	18	1/4	1/4	12/8	1	1	1/8	1/8	1		0	60		206
18	18	3/8	3/8	12/8	1	1	1/8	1/8	1		5	59		207
18	18	1/2	1/2	12/8	1	1	1/8	1/8	1		0	60		208
18	18	5/8	5/8	12/8	1	1	1/8	1/8	1		3	57		209
18	18	3/4	3/4	12/8	1	1	1/8	1/8	1		6	66		210
18	18	7/8	7/8	12/8	1	1	1/8	1/8	1		3	57		211
18	18	1	1	12/8	1	1	1/8	1/8	1		0	60		212
18	18	9/8	9/8	12/8	1	1	1/8	1/8	1		5	59		213
18	18	5/4	5/4	12/8	1	1	1/8	1/8	1		0	60		214
18	18	11/8	11/8	12/8	1	1	1/8	1/8	1		3	57		215
19	19	0	0	12/8	1	1	1/8	1/8	1		1	55		216
19	19	1/8	1/8	12/8	1	1	1/8	1/8	1		4	52		217
19	19	1/4	1/4	12/8	1	1	1/8	1/8	1		1	55		218
19	19	3/8	3/8	12/8	1	1	1/8	1/8	1		5	59		219
19	19	1/2	1/2	12/8	1	1	1/8	1/8	1		7	61		220
19	19	5/8	5/8	12/8	1	1	1/8	1/8	1		9	63		221
19	19	3/4	3/4	12/8	1	1	1/8	1/8	1		4	64		222
19	19	7/8	7/8	12/8	1	1	1/8	1/8	1		1	55		223
19	19	1	1	12/8	1	1	1/8	1/8	1		5	59		224
19	19	9/8	9/8	12/8	1	1	1/8	1/8	1		9	63		225
19	19	5/4	5/4	12/8	1	1	1/8	1/8	1		4	64		226
19	19	11/8	11/8	12/8	1	1	1/8	1/8	1		6	66		227
20	20	0	0	12/8	1	1	1/8	1/8	1		1	67		228
20	20	1/8	1/8	12/8	1	1	1/8	1/8	1		5	59		229
20	20	1/4	1/4	12/8	1	1	1/8	1/8	1		9	63		230
20	20	3/8	3/8	12/8	1	1	1/8	1/8	1		4	64		231
20	20	1/2	1/2	12/8	1	1	1/8	1/8	1		1	67		232
20	20	5/8	5/8	12/8	1	1	1/8	1/8	1		3	69		233
20	20	3/4	3/4	12/8	1	1	1/8	1/8	1		5	71		234
20	20	7/8	7/8	12/8	1	1	1/8	1/8	1		4	64		235
20	20	1	1	12/8	1	1	1/8	1/8	1		1	67		236
20	20	9/8	9/8	12/8	1	1	1/8	1/8	1		5	71		237
20	20	5/4	5/4	12/8	1	1	1/8	1/8	1		7	73		238
20	20	11/8	11/8	12/8	1	1	1/8	1/8	1		9	75		239
21	21	0	0	12/8	1	1	1/8	1/8	1		4	76		240
21	21	1/8	1/8	12/8	1	1	1/8	1/8	1		4	64		241
21	21	1/4	1/4	12/8	1	1	1/8	1/8	1		6	66		242
21	21	3/8	3/8	12/8	1	1	1/8	1/8	1		1	67		243
21	21	1/2	1/2	12/8	1	1	1/8	1/8	1		5	71		244
21	21	5/8	5/8	12/8	1	1	1/8	1/8	1		6	66		245
21	21	3/4	3/4	12/8	1	1	1/8	1/8	1		1	67		246
21	21	7/8	7/8	12/8	1	1	1/8	1/8	1		4	76		247
21	21	1	1	12/8	1	1	1/8	1/8	1		5	71		248
21	21	9/8	9/8	12/8	1	1	1/8	1/8	1		1	67		249
21	21	5/4	5/4	12/8	1	1	1/8	1/8	1		5	71		250
21	21	11/8	11/8	12/8	1	1	1/8	1/8	1		1	67		251
22	22	0	0	12/8	1	1	1/8	1/8	1		4	64		252
22	22	1/8	1/8	12/8	1	1	1/8	1/8	1		4	76		253
22	22	1/4	1/4	12/8	1	1	1/8	1/8	1		6	66		254
22	22	3/8	3/8	12/8	1	1	1/8	1/8	1		1	67		255
22	22	1/2	1/2	12/8	1	1	1/8	1/8	1		5	71		256
22	22	5/8	5/8	12/8	1	1	1/8	1/8	1		6	66		257
22	22	3/4	3/4	12/8	1	1	1/8	1/8	1		1	67		258
22	22	7/8	7/8	12/8	1	1	1/8	1/8	1		4	76		259
22	22	1	1	12/8	1	1	1/8	1/8	1		5	71		260
22	22	9/8	9/8	12/8	1	1	1/8	1/8	1		1	67		261
22	22	5/4	5/4	12/8	1	1	1/8	1/8	1		5	71		262
22	22	11/8	11/8	12/8	1	1	1/8	1/8	1		1	67		263
23	23	0	0	12/8	1	1	1/8	1/8	1		4	64		264
23	23	1/8	1/8	12/8	1	1	1/8	1/8	1		4	64		265
23	23	1/4	1/4	12/8	1	1	1/8	1/8	1		9	63		266
23	23	3/8	3/8	12/8	1	1	1/8	1/8	1		4	64		267
23	23	1/2	1/2	12/8	1	1	1/8	1/8	1		4	64		268
23	23	5/8	5/8	12/8	1	1	1/8	1/8	1		6	66		269
23	23	3/4	3/4	12/8	1	1	1/8	1/8	1		1	67		270
23	23	7/8	7/8	12/8	1	1	1/8	1/8	1		4	64		271
23	23	1	1	12/8	1	1	1/8	1/8	1		6	66		272
23	23	9/8	9/8	12/8	1	1	1/8	1/8	1		4	64		273
23	23	5/4	5/4	12/8	1	1	1/8	1/8	1		4	64		274
23	23	11/8	11/8	12/8	1	1	1/8	1/8	1		9	63		275
24	24	0	0	12/8	1	1	1/8	1/8	1		4	64		276
24	24	1/8	1/8	12/8	1	1	1/8	1/8	1		4	64		277
24	24	1/4	1/4	12/8	1	1	1/8	1/8	1		9	63		278
24	24	3/8	3/8	12/8	1	1	1/8	1/8	1		4	64		279
24	24	1/2	1/2	12/8	1	1	1/8	1/8	1		4	64		280
24	24	5/8	5/8	12/8	1	1	1/8	1/8	1		6	66		281
24	24	3/4	3/4	12/8	1	1	1/8	1/8	1		1	67		282
24	24	7/8	7/8	12/8	1	1	1/8	1/8	1		4	64		283
24	24	1	1	12/8	1	1	1/8	1/8	1		6	66		284
24	24	9/8	9/8	12/8	1	1	1/8	1/8	1		4	64		285
24	24	5/4	5/4	12/8	1	1	1/8	1/8	1		4	64		286
24	24	11/8	11/8	12/8	1	1	1/8	1/8	1		9	63		287
25	25	0	0	12/8	1	1	1/8	1/8	1		4	64		288
25	25	1/8	1/8	12/8	1	1	1/8	1/8	1		4	64		289
25	25	1/4	1/4	12/8	1	1	1/8	1/8	1		1	67		290
25	25	3/8	3/8	12/8	1	1	1/8	1/8	1		9	63		291
25	25	1/2	1/2	12/8	1	1	1/8	1/8	1		4	64		292
25	25	5/8	5/8	12/8	1	1	1/8	1/8	1		6	66		293
25	25	3/4	3/4	12/8	1	1	1/8	1/8	1		4	64		294
25	25	7/8	7/8	12/8	1	1	1/8	1/8	1		4	64		295
25	25	1	1	12/8	1	1	1/8	1/8	1		1	67		296
25	25	9/8	9/8	12/8	1	1	1/8	1/8	1		9	63		297
25	25	5/4	5/4	12/8	1	1	1/8	1/8	1		4	64		298
25	25	11/8	11/8	12/8	1	1	1/8	1/8	1		6	66		299
26	26	0	0	12/8	1	1	1/8	1/8	1		4	64		300
26	26	1/8	1/8	12/8	1	1	1/8	1/8	1		4	64		301
26	26	1/4	1/4	12/8	1	1	1/8	1/8	1		1	67		302
26	26	3/8	3/8	12/8	1	1	1/8	1/8	1		6	66		303
26	26	1/2	1/2	12/8	1	1	1/8	1/8	1		4	64		304
26	26	5/8	5/8	12/8	1	1	1/8	1/8	1		3	69		305
26	26	3/4	3/4	12/8	1	1	1/8	1/8	1		1	67		306
26	26	7/8	7/8	12/8	1	1	1/8	1/8	1		4	64		307
26	26	1	1	12/8	1	1	1/8	1/8	1		4	64		308
26	26	9/8	9/8	12/8	1	1	1/8	1/8	1		6	66		309
26	26	5/4	5/4	12/8	1	1	1/8	1/8	1		4	64		310
26	26	11/8	11/8	12/8	1	1	1/8	1/8	1		3	69		311
27	27	0	0	12/8	1	1	1/8	1/8	1		1	67		312
27	27	1/8	1/8	12/8	1	1	1/8	1/8	1		4	64		313
27	27	1/4	1/4	12/8	1	1	1/8	1/8	1		6	66		314
27	27	3/8	3/8	12/8	1	1	1/8	1/8	1		1	67		315
27	27	1/2	1/2	12/8	1	1	1/8	1/8	1		4	64		316
27	27	5/8	5/8	12/8	1	1	1/8	1/8	1		3	69		317
27	27	3/4	3/4	12/8	1	1	1/8	1/8	1		5	71		318
27	27	7/8	7/8	12/8	1	1	1/8	1/8	1		4	64		319
27	27	1	1	12/8	1	1	1/8	1/8	1		3	69		320
27	27	9/8	9/8	12/8	1	1	1/8	1/8	1		1	67		321
27	27	5/4	5/4	12/8	1	1	1/8	1/8	1		4	64		322
27	27	11/8	11/8	12/8	1	1	1/8	1/8	1		6	66		323
28	28	0	0	12/8	1	1	1/8	1/8	1		1	67		324
28	28	1/8	1/8	12/8	1	1	1/8	1/8	1		4	64		325
28	28	1/4	1/4	12/8	1	1	1/8	1/8	1		6	66		326
28	28	3/8	3/8	12/8	1	1	1/8	1/8	1		1	67		327
28	28	1/2	1/2	12/8	1	1	1/8	1/8	1		4	64		328
28	28	5/8	5/8	12/8	1	1	1/8	1/8	1		3	69		329
28	28	3/4	3/4	12/8	1	1	1/8	1/8	1		5	71		330
28	28	7/8	7/8	12/8	1	1	1/8	1/8	1		4	64		331
28	28	1	1	12/8	1	1	1/8	1/8	1		3	69		332
28	28	9/8	9/8	12/8	1	1	1/8	1/8	1		1	67		333
28	28	5/4	5/4	12/8	1	1	1/8	1/8	1		4	64		334
28	28	11/8	11/8	12/8	1	1	1/8	1/8	1		6	66		335
29	29	0	0	12/8	1	1	1/8	1/8	1		1	67		336
29	29	1/8	1/8	12/8	1	1	1/8	1/8	1		4	64		337
29	29	1/4	1/4	12/8	1	1	1/8	1/8	1		5	71		338
29	29	3/8	3/8	12/8	1	1	1/8	1/8	1		6	66		339
29	29	1/2	1/2	12/8	1	1	1/8	1/8	1		4	64		340
29	29	5/8	5/8	12/8	1	1	1/8	1/8	1		3	69		341
29	29	3/4	3/4	12/8	1	1	1/8	1/8	1		1	67		342
29	29	7/8	7/8	12/8	1	1	1/8	1/8	1		4	64		343
29	29	1	1	12/8	1	1	1/8	1/8	1		5	71		344
29	29	9/8	9/8	12/8	1	1	1/8	1/8	1		6	66		345
29	29	5/4	5/4	12/8	1	1	1/8	1/8	1		4	64		346
29	29	11/8	11/8	12/8	1	1	1/8	1/8	1		3	69		347
30	30	0	0	12/8	1	1	1/8	1/8	1		1	67		348
30	30	1/8	1/8	12/8	1	1	1/8	1/8	1		4	64		349
30	30	1/4	1/4	12/8	1	1	1/8	1/8	1		4	64		350
30	30	3/8	3/8	12/8	1	1	1/8	1/8	1		6	66		351
30	30	1/2	1/2	12/8	1	1	1/8	1/8	1		4	64		352
30	30	5/8	5/8	12/8	1	1	1/8	1/8	1		9	63		353
30	30	3/4	3/4	12/8	1	1	1/8	1/8	1		4	64		354
30	30	7/8	7/8	12/8	1	1	1/8	1/8	1		4	64		355
30	30	1	1	12/8	1	1	1/8	1/8	1		1	67		356
30	30	9/8	9/8	12/8	1	1	1/8	1/8	1		6	66		357
30	30	5/4	5/4	12/8	1	1	1/8	1/8	1		4	64		358
30	30	11/8	11/8	12/8	1	1	1/8	1/8	1		9	63		359
31	31	0	0	12/8	1	1	1/8	1/8	1		4	64		360
31	31	1/8	1/8	12/8	1	1	1/8	1/8	1		4	64		361
31	31	1/4	1/4	12/8	1	1	1/8	1/8	1		1	67		362
31	31	3/8	3/8	12/8	1	1	1/8	1/8	1		2	62		363
31	31	1/2	1/2	12/8	1	1	1/8	1/8	1		4	64		364
31	31	5/8	5/8	12/8	1	1	1/8	1/8	1		6	66		365
31	31	3/4	3/4	12/8	1	1	1/8	1/8	1		7	61		366
31	31	7/8	7/8	12/8	1	1	1/8	1/8	1		4	64		367
31	31	1	1	12/8	1	1	1/8	1/8	1		4	64		368
31	31	9/8	9/8	12/8	1	1	1/8	1/8	1		5	59		369
31	31	5/4	5/4	12/8	1	1	1/8	1/8	1		4	64		370
31	31	11/8	11/8	12/8	1	1	1/8	1/8	1		2	62		371
32	32	0	0	12/8	1	1	1/8	1/8	1		10	58		372
32	32	1/8	1/8	12/8	1	1	1/8	1/8	1		4	64		373
32	32	1/4	1/4	12/8	1	1	1/8	1/8	1		7	61		374
32	32	3/8	3/8	12/8	1	1	1/8	1/8	1		10	58		375
32	32	1/2	1/2	12/8	1	1	1/8	1/8	1		4	64		376
32	32	5/8	5/8	12/8	1	1	1/8	1/8	1		7	61		377
32	32	3/4	3/4	12/8	1	1	1/8	1/8	1		6	54		378
32	32	7/8	7/8	12/8	1	1	1/8	1/8	1		1	67		379
32	32	1	1	12/8	1	1	1/8	1/8	1		6	66		380
32	32	9/8	9/8	12/8	1	1	1/8	1/8	1		4	64		381
32	32	5/4	5/4	12/8	1	1	1/8	1/8	1		2	62		382
32	32	11/8	11/8	12/8	1	1	1/8	1/8	1		7	61		383
33	33	0	0	12/8	1	1	1/8	1/8	1		2	62		384
33	33	1/8	1/8	12/8	1	1	1/8	1/8	1		5	59		385
33	33	1/4	1/4	12/8	1	1	1/8	1/8	1		6	66		386
33	33	3/8	3/8	12/8	1	1	1/8	1/8	1		2	62		387
33	33	1/2	1/2	12/8	1	1	1/8	1/8	1		5	59		388
33	33	5/8	5/8	12/8	1	1	1/8	1/8	1		6	66		389
33	33	3/4	3/4	12/8	1	1	1/8	1/8	1		2	62		390
33	33	7/8	7/8	12/8	1	1	1/8	1/8	1		5	59		391
33	33	1	1	12/8	1	1	1/8	1/8	1		7	61		392
33	33	9/8	9/8	12/8	1	1	1/8	1/8	1		2	62		393
33	33	5/4	5/4	12/8	1	1	1/8	1/8	1		4	64		394
33	33	11/8	11/8	12/8	1	1	1/8	1/8	1		6	66		395
34	34	0	0	12/8	1	1	1/8	1/8	1		1	55		396
34	34	1/8	1/8	12/8	1	1	1/8	1/8	1		5	59		397
34	34	1/4	1/4	12/8	1	1	1/8	1/8	1		2	62		398
34	34	3/8	3/8	12/8	1	1	1/8	1/8	1		6	66		399
34	34	1/2	1/2	12/8	1	1	1/8	1/8	1		5	71		400
34	34	5/8	5/8	12/8	1	1	1/8	1/8	1		10	70		401
34	34	3/4	3/4	12/8	1	1	1/8	1/8	1		5	71		402
34	34	7/8	7/8	12/8	1	1	1/8	1/8	1		1	67		403
34	34	1	1	12/8	1	1	1/8	1/8	1		4	64		404
34	34	9/8	9/8	12/8	1	1	1/8	1/8	1		2	74		405
34	34	5/4	5/4	12/8	1	1	1/8	1/8	1		7	73		406
34	34	11/8	11/8	12/8	1	1	1/8	1/8	1		5	71		407
35	35	0	0	12/8	1	1	1/8	1/8	1		10	70		408
35	35	1/8	1/8	12/8	1	1	1/8	1/8	1		4	64		409
35	35	1/4	1/4	12/8	1	1	1/8	1/8	1		7	73		410
35	35	3/8	3/8	12/8	1	1	1/8	1/8	1		10	70		411
35	35	1/2	1/2	12/8	1	1	1/8	1/8	1		4	64		412
35	35	5/8	5/8	12/8	1	1	1/8	1/8	1		7	73		413
35	35	3/4	3/4	12/8	1	1	1/8	1/8	1		10	70		414
35	35	7/8	7/8	12/8	1	1	1/8	1/8	1		4	64		415
35	35	1	1	12/8	1	1	1/8	1/8	1		6	66		416
35	35	9/8	9/8	12/8	1	1	1/8	1/8	1		1	67		417
35	35	5/4	5/4	12/8	1	1	1/8	1/8	1		6	66		418
35	35	11/8	11/8	12/8	1	1	1/8	1/8	1		4	64		419
36	36	0	0	12/8	1	1	1/8	1/8	1		2	62		420
36	36	1/8	1/8	12/8	1	1	1/8	1/8	1		5	71		421
36	36	1/4	1/4	12/8	1	1	1/8	1/8	1		6	66		422
36	36	3/8	3/8	12/8	1	1	1/8	1/8	1		2	62		423
36	36	1/2	1/2	12/8	1	1	1/8	1/8	1		5	71		424
36	36	5/8	5/8	12/8	1	1	1/8	1/8	1		6	66		425
36	36	3/4	3/4	12/8	1	1	1/8	1/8	1		7	61		426
36	36	7/8	7/8	12/8	1	1	1/8	1/8	1		5	71		427
36	36	1	1	12/8	1	1	1/8	1/8	1		3	69		428
36	36	9/8	9/8	12/8	1	1	1/8	1/8	1		8	68		429
36	36	5/4	5/4	12/8	1	1	1/8	1/8	1		3	69		430
36	36	11/8	11/8	12/8	1	1	1/8	1/8	1		5	71		431
37	37	0	0	12/8	1	1	1/8	1/8	1		11	65		432
37	37	1/8	1/8	12/8	1	1	1/8	1/8	1		2	62		433
37	37	1/4	1/4	12/8	1	1	1/8	1/8	1		7	61		434
37	37	3/8	3/8	12/8	1	1	1/8	1/8	1		2	62		435
37	37	1/2	1/2	12/8	1	1	1/8	1/8	1		8	56		436
37	37	5/8	5/8	12/8	1	1	1/8	1/8	1		6	54		437
37	37	3/4	3/4	12/8	1	1	1/8	1/8	1		8	56		438
37	37	7/8	7/8	12/8	1	1	1/8	1/8	1		2	62		439
37	37	1	1	12/8	1	1	1/8	1/8	1		7	61		440
37	37	9/8	9/8	12/8	1	1	1/8	1/8	1		2	62		441
37	37	5/4	5/4	12/8	1	1	1/8	1/8	1		11	65		442
37	37	11/8	11/8	12/8	1	1	1/8	1/8	1		2	62		443
38	38	0	0	12/8	1	1	1/8	1/8	1		7	61		444
38	38	1/8	1/8	12/8	1	1	1/8	1/8	1		4	64		445
38	38	1/4	1/4	12/8	1	1	1/8	1/8	1		2	62		446
38	38	3/8	3/8	12/8	1	1	1/8	1/8	1		7	61		447
38	38	1/2	1/2	12/8	1	1	1/8	1/8	1		4	64		448
38	38	5/8	5/8	12/8	1	1	1/8	1/8	1		5	59		449
38	38	3/4	3/4	12/8	1	1	1/8	1/8	1		10	58		450
38	38	7/8	7/8	12/8	1	1	1/8	1/8	1		5	59		451
38	38	1	1	12/8	1	1	1/8	1/8	1		7	61		452
38	38	9/8	9/8	12/8	1	1	1/8	1/8	1		1	55		453
38	38	5/4	5/4	12/8	1	1	1/8	1/8	1		6	54		454
38	38	11/8	11/8	12/8	1	1	1/8	1/8	1		4	52		455
39	39	0	0	12/8	1	1	1/8	1/8	1		2	50		456
39	39	1/8	1/8	12/8	1	1	1/8	1/8	1		6	54		457
39	39	1/4	1/4	12/8	1	1	1/8	1/8	1		5	59		458
39	39	3/8	3/8	12/8	1	1	1/8	1/8	1		3	57		459
39	39	1/2	1/2	12/8	1	1	1/8	1/8	1		1	55		460
39	39	5/8	5/8	12/8	1	1	1/8	1/8	1		6	54		461
39	39	3/4	3/4	12/8	1	1	1/8	1/8	1		1	55		462
39	39	7/8	7/8	12/8	1	1	1/8	1/8	1		4	52		463
39	39	1	1	12/8	1	1	1/8	1/8	1		2	50		464
39	39	9/8	9/8	12/8	1	1	1/8	1/8	1		7	49		465
39	39	5/4	5/4	12/8	1	1	1/8	1/8	1		2	50		466
39	39	11/8	11/8	12/8	1	1	1/8	1/8	1		4	52		467
40	40	0	0	12/8	1	1	1/8	1/8	1		10	46		468
40	40	1/8	1/8	12/8	1	1	1/8	1/8	1		7	49		469
40	40	1/4	1/4	12/8	1	1	1/8	1/8	1		6	54		470
40	40	3/8	3/8	12/8	1	1	1/8	1/8	1		4	52		471
40	40	1/2	1/2	12/8	1	1	1/8	1/8	1		2	50		472
40	40	5/8	5/8	12/8	1	1	1/8	1/8	1		7	49		473
40	40	3/4	3/4	12/8	1	1	1/8	1/8	1		2	50		474
40	40	7/8	7/8	12/8	1	1	1/8	1/8	1		5	47		475
40	40	1	1	12/8	1	1	1/8	1/8	1		3	45		476
40	40	9/8	9/8	12/8	1	1	1/8	1/8	1		8	44		477
40	40	5/4	5/4	12/8	1	1	1/8	1/8	1		3	45		478
40	40	11/8	11/8	12/8	1	1	1/8	1/8	1		5	47		479
41	41	0	0	12/8	1	1	1/8	1/8	1		11	41		480
41	41	1/8	1/8	12/8	1	1	1/8	1/8	1		5	47		481
41	41	1/4	1/4	12/8	1	1	1/8	1/8	1		2	50		482
41	41	3/8	3/8	12/8	1	1	1/8	1/8	1		11	41		483
41	41	1/2	1/2	12/8	1	1	1/8	1/8	1		5	47		484
41	41	5/8	5/8	12/8	1	1	1/8	1/8	1		2	50		485
41	41	3/4	3/4	12/8	1	1	1/8	1/8	1		5	59		486
41	41	7/8	7/8	12/8	1	1	1/8	1/8	1		7	61		487
41	41	1	1	12/8	1	1	1/8	1/8	1		2	62		488
41	41	9/8	9/8	12/8	1	1	1/8	1/8	1		7	61		489
41	41	5/4	5/4	12/8	1	1	1/8	1/8	1		10	58		490
41	41	11/8	11/8	12/8	1	1	1/8	1/8	1		5	59		491
42	42	0	0	12/8	1	1	1/8	1/8	1		6	42		492
42	42	1/8	1/8	12/8	1	1	1/8	1/8	1		5	47		493
42	42	1/4	1/4	12/8	1	1	1/8	1/8	1		2	50		494
42	42	3/8	3/8	12/8	1	1	1/8	1/8	1		6	42		495
42	42	1/2	1/2	12/8	1	1	1/8	1/8	1		5	47		496
42	42	5/8	5/8	12/8	1	1	1/8	1/8	1		2	50		497
42	42	3/4	3/4	12/8	1	1	1/8	1/8	1		5	59		498
42	42	7/8	7/8	12/8	1	1	1/8	1/8	1		7	61		499
42	42	1	1	12/8	1	1	1/8	1/8	1		2	62		500
42	42	9/8	9/8	12/8	1	1	1/8	1/8	1		7	61		501
42	42	5/4	5/4	12/8	1	1	1/8	1/8	1		10	58		502
42	42	11/8	11/8	12/8	1	1	1/8	1/8	1		5	59		503
43	43	0	0	12/8	1	1	1/8	1/8	1		1	43		504
43	43	1/8	1/8	12/8	1	1	1/8	1/8	1		5	47		505
43	43	1/4	1/4	12/8	1	1	1/8	1/8	1		4	52		506
43	43	3/8	3/8	12/8	1	1	1/8	1/8	1		5	59		507
43	43	1/2	1/2	12/8	1	1	1/8	1/8	1		7	61		508
43	43	5/8	5/8	12/8	1	1	1/8	1/8	1		2	62		509
43	43	3/4	3/4	12/8	1	1	1/8	1/8	1		7	61		510
43	43	7/8	7/8	12/8	1	1	1/8	1/8	1		10	58		511
43	43	1	1	12/8	1	1	1/8	1/8	1		5	59		512
43	43	9/8	9/8	12/8	1	1	1/8	1/8	1		11	65		513
43	43	5/4	5/4	12/8	1	1	1/8	1/8	1		10	58		514
43	43	11/8	11/8	12/8	1	1	1/8	1/8	1		5	59		515
44	44	0	0	12/8	1	1	1/8	1/8	1		6	66		516
44	44	1/8	1/8	12/8	1	1	1/8	1/8	1		7	61		517
44	44	1/4	1/4	12/8	1	1	1/8	1/8	1		2	62		518
44	44	3/8	3/8	12/8	1	1	1/8	1/8	1		5	71		519
44	44	1/2	1/2	12/8	1	1	1/8	1/8	1		3	69		520
44	44	5/8	5/8	12/8	1	1	1/8	1/8	1		1	67		521
44	44	3/4	3/4	12/8	1	1	1/8	1/8	1		6	66		522
44	44	7/8	7/8	12/8	1	1	1/8	1/8	1		4	64		523
44	44	1	1	12/8	1	1	1/8	1/8	1		2	62		524
44	44	9/8	9/8	12/8	1	1	1/8	1/8	1		0	60		525
44	44	5/4	5/4	12/8	1	1	1/8	1/8	1		4	64		526
44	44	11/8	11/8	12/8	1	1	1/8	1/8	1		5	59		527
45	45	0	0	12/8	1	1	1/8	1/8	1		10	58		528
45	45	1/8	1/8	12/8	1	1	1/8	1/8	1		1	55		529
45	45	1/4	1/4	12/8	1	1	1/8	1/8	1		6	54		530
45	45	3/8	3/8	12/8	1	1	1/8	1/8	1		4	52		531
45	45	1/2	1/2	12/8	1	1	1/8	1/8	1		2	50		532
45	45	5/8	5/8	12/8	1	1	1/8	1/8	1		7	49		533
45	45	3/4	3/4	12/8	1	1	1/8	1/8	1		2	50		534
45	45	7/8	7/8	12/8	1	1	1/8	1/8	1		6	54		535
45	45	1	1	12/8	1	1	1/8	1/8	1		5	59		536
45	45	9/8	9/8	12/8	1	1	1/8	1/8	1		6	54		537
45	45	5/4	5/4	12/8	1	1	1/8	1/8	1		5	59		538
45	45	11/8	11/8	12/8	1	1	1/8	1/8	1		10	58		539
46	46	0	0	12/8	1	1	1/8	1/8	1		5	59		540
46	46	1/8	1/8	12/8	1	1	1/8	1/8	1		6	54		541
46	46	1/4	1/4	12/8	1	1	1/8	1/8	1		4	52		542
46	46	3/8	3/8	12/8	1	1	1/8	1/8	1		2	50		543
46	46	1/2	1/2	12/8	1	1	1/8	1/8	1		6	54		544
46	46	5/8	5/8	12/8	1	1	1/8	1/8	1		7	49		545
46	46	3/4	3/4	12/8	1	1	1/8	1/8	1		2	50		546
46	46	7/8	7/8	12/8	1	1	1/8	1/8	1		5	47		547
46	46	1	1	12/8	1	1	1/8	1/8	1		2	50		548
46	46	9/8	9/8	12/8	1	1	1/8	1/8	1		6	54		549
46	46	5/4	5/4	12/8	1	1	1/8	1/8	1		5	59		550
46	46	11/8	11/8	12/8	1	1	1/8	1/8	1		6	54		551
47	47	0	0	12/8	1	1	1/8	1/8	1		2	62		552
47	47	1/8	1/8	12/8	1	1	1/8	1/8	1		5	59		553
47	47	1/4	1/4	12/8	1	1	1/8	1/8	1		6	54		554
47	47	3/8	3/8	12/8	1	1	1/8	1/8	1		2	50		555
47	47	1/2	1/2	12/8	1	1	1/8	1/8	1		6	54		556
47	47	5/8	5/8	12/8	1	1	1/8	1/8	1		7	49		557
47	47	3/4	3/4	12/8	1	1	1/8	1/8	1		2	50		558
47	47	7/8	7/8	12/8	1	1	1/8	1/8	1		5	47		559
47	47	1	1	12/8	1	1	1/8	1/8	1		2	50		560
47	47	9/8	9/8	12/8	1	1	1/8	1/8	1		6	54		561
47	47	5/4	5/4	12/8	1	1	1/8	1/8	1		3	57		562
47	47	11/8	11/8	12/8	1	1	1/8	1/8	1		8	56		563
48	48	0	0	12/8	1	1	1/8	1/8	1		3	57		564
48	48	1/8	1/8	12/8	1	1	1/8	1/8	1		4	52		565
48	48	1/4	1/4	12/8	1	1	1/8	1/8	1		2	50		566
48	48	3/8	3/8	12/8	1	1	1/8	1/8	1		7	49		567
48	48	1/2	1/2	12/8	1	1	1/8	1/8	1		4	52		568
48	48	5/8	5/8	12/8	1	1	1/8	1/8	1		5	47		569
48	48	3/4	3/4	12/8	1	1	1/8	1/8	1		7	49		570
48	48	7/8	7/8	12/8	1	1	1/8	1/8	1		3	45		571
48	48	1	1	12/8	1	1	1/8	1/8	1		7	49		572
48	48	9/8	9/8	12/8	1	1	1/8	1/8	1		4	52		573
48	48	5/4	5/4	12/8	1	1	1/8	1/8	1		3	57		574
48	48	11/8	11/8	12/8	1	1	1/8	1/8	1		4	52		575
49	49	0	0	12/8	1	1	1/8	1/8	1		7	49		576
49	49	1/8	1/8	12/8	1	1	1/8	1/8	1		1	55		577
49	49	1/4	1/4	12/8	1	1	1/8	1/8	1		4	52		578
49	49	3/8	3/8	12/8	1	1	1/8	1/8	1		7	49		579
49	49	1/2	1/2	12/8	1	1	1/8	1/8	1		4	52		580
49	49	5/8	5/8	12/8	1	1	1/8	1/8	1		5	47		581
49	49	3/4	3/4	12/8	1	1	1/8	1/8	1		7	49		582
49	49	7/8	7/8	12/8	1	1	1/8	1/8	1		3	45		583
49	49	1	1	12/8	1	1	1/8	1/8	1		7	49		584
49	49	9/8	9/8	12/8	1	1	1/8	1/8	1		4	52		585
49	49	5/4	5/4	12/8	1	1	1/8	1/8	1		6	54		586
49	49	11/8	11/8	12/8	1	1	1/8	1/8	1		1	55		587
50	50	0	0	12/8	1	1	1/8	1/8	1		6	54		588
50	50	1/8	1/8	12/8	1	1	1/8	1/8	1		3	57		589
50	50	1/4	1/4	12/8	1	1	1/8	1/8	1		1	55		590
50	50	3/8	3/8	12/8	1	1	1/8	1/8	1		6	54		591
50	50	1/2	1/2	12/8	1	1	1/8	1/8	1		3	57		592
50	50	5/8	5/8	12/8	1	1	1/8	1/8	1		4	52		593
50	50	3/4	3/4	12/8	1	1	1/8	1/8	1		6	54		594
50	50	7/8	7/8	12/8	1	1	1/8	1/8	1		2	50		595
50	50	1	1	12/8	1	1	1/8	1/8	1		4	52		596
50	50	9/8	9/8	12/8	1	1	1/8	1/8	1		6	54		597
50	50	5/4	5/4	12/8	1	1	1/8	1/8	1		3	57		598
50	50	11/8	11/8	12/8	1	1	1/8	1/8	1		5	59		599
51	51	0	0	12/8	1	1	1/8	1/8	1		0	60		600
51	51	1/8	1/8	12/8	1	1	1/8	1/8	1		3	57		601
51	51	1/4	1/4	12/8	1	1	1/8	1/8	1		1	55		602
51	51	3/8	3/8	12/8	1	1	1/8	1/8	1		6	54		603
51	51	1/2	1/2	12/8	1	1	1/8	1/8	1		3	57		604
51	51	5/8	5/8	12/8	1	1	1/8	1/8	1		4	52		605
51	51	3/4	3/4	12/8	1	1	1/8	1/8	1		6	54		606
51	51	7/8	7/8	12/8	1	1	1/8	1/8	1		2	50		607
51	51	1	1	12/8	1	1	1/8	1/8	1		6	54		608
51	51	9/8	9/8	12/8	1	1	1/8	1/8	1		3	57		609
51	51	5/4	5/4	12/8	1	1	1/8	1/8	1		5	59		610
51	51	11/8	11/8	12/8	1	1	1/8	1/8	1		0	60		611
52	52	0	0	12/8	1	1	1/8	1/8	1		5	59		612
52	52	1/8	1/8	12/8	1	1	1/8	1/8	1		1	55		613
52	52	1/4	1/4	12/8	1	1	1/8	1/8	1		3	57		614
52	52	3/8	3/8	12/8	1	1	1/8	1/8	1		5	59		615
52	52	1/2	1/2	12/8	1	1	1/8	1/8	1		2	62		616
52	52	5/8	5/8	12/8	1	1	1/8	1/8	1		3	57		617
52	52	3/4	3/4	12/8	1	1	1/8	1/8	1		5	59		618
52	52	7/8	7/8	12/8	1	1	1/8	1/8	1		1	67		619
52	52	1	1	12/8	1	1	1/8	1/8	1		2	62		620
52	52	9/8	9/8	12/8	1	1	1/8	1/8	1		5	59		621
52	52	5/4	5/4	12/8	1	1	1/8	1/8	1		2	62		622
52	52	11/8	11/8	12/8	1	1	1/8	1/8	1		3	57		623
53	53	0	0	12/8	1	1	1/8	1/8	1		5	59		624
53	53	1/8	1/8	12/8	1	1	1/8	1/8	1		1	55		625
53	53	1/4	1/4	12/8	1	1	1/8	1/8	1		3	57		626
53	53	3/8	3/8	12/8	1	1	1/8	1/8	1		5	59		627
53	53	1/2	1/2	12/8	1	1	1/8	1/8	1		2	62		628
53	53	5/8	5/8	12/8	1	1	1/8	1/8	1		3	57		629
53	53	3/4	3/4	12/8	1	1	1/8	1/8	1		5	59		630
53	53	7/8	7/8	12/8	1	1	1/8	1/8	1		1	67		631
53	53	1	1	12/8	1	1	1/8	1/8	1		2	62		632
53	53	9/8	9/8	12/8	1	1	1/8	1/8	1		5	59		633
53	53	5/4	5/4	12/8	1	1	1/8	1/8	1		1	55		634
53	53	11/8	11/8	12/8	1	1	1/8	1/8	1		2	50		635
54	54	0	0	12/8	1	1	1/8	1/8	1	1	1	43		636
54	54	1/8	1/8	12/8	1	1	1/8	1/8	1	-1	1	43		637
54	54	1/4	1/4	12/8	1	1	1/8	1/8	1		1	43		638
54	54	3/8	3/8	12/8	1	1	1/8	1/8	1	1	1	43		639
54	54	1/2	1/2	12/8	1	1	1/8	1/8	1	-1	1	43		640
54	54	5/8	5/8	12/8	1	1	1/8	1/8	1		5	47		641
54	54	3/4	3/4	12/8	1	1	1/8	1/8	1	1	1	43		642
54	54	7/8	7/8	12/8	1	1	1/8	1/8	1	-1	1	43		643
54	54	1	1	12/8	1	1	1/8	1/8	1		2	50		644
54	54	9/8	9/8	12/8	1	1	1/8	1/8	1	1	1	43		645
54	54	5/4	5/4	12/8	1	1	1/8	1/8	1	-1	1	43		646
54	54	11/8	11/8	12/8	1	1	1/8	1/8	1		1	55		647
55	55	0	0	12/8	1	1	1/8	1/8	1	1	1	43		648
55	55	1/8	1/8	12/8	1	1	1/8	1/8	1	-1	1	43		649
55	55	1/4	1/4	12/8	1	1	1/8	1/8	1		1	43		650
55	55	3/8	3/8	12/8	1	1	1/8	1/8	1	1	1	43		651
55	55	1/2	1/2	12/8	1	1	1/8	1/8	1	-1	1	43		652
55	55	5/8	5/8	12/8	1	1	1/8	1/8	1		5	47		653
55	55	3/4	3/4	12/8	1	1	1/8	1/8	1	1	1	43		654
55	55	7/8	7/8	12/8	1	1	1/8	1/8	1	-1	1	43		655
55	55	1	1	12/8	1	1	1/8	1/8	1		2	50		656
55	55	9/8	9/8	12/8	1	1	1/8	1/8	1	1	1	43		657
55	55	5/4	5/4	12/8	1	1	1/8	1/8	1	-1	1	43		658
55	55	11/8	11/8	12/8	1	1	1/8	1/8	1		1	55		659
56	56	0	0	12/8	1	1	1/8	1/8	1		4	52		660
56	56	1/8	1/8	12/8	1	1	1/8	1/8	1		1	43		661
56	56	1/4	1/4	12/8	1	1	1/8	1/8	1		0	48		662
56	56	3/8	3/8	12/8	1	1	1/8	1/8	1		4	52		663
56	56	1/2	1/2	12/8	1	1	1/8	1/8	1		6	54		664
56	56	5/8	5/8	12/8	1	1	1/8	1/8	1		1	55		665
56	56	3/4	3/4	12/8	1	1	1/8	1/8	1		2	50		666
56	56	7/8	7/8	12/8	1	1	1/8	1/8	1		1	43		667
56	56	1	1	12/8	1	1	1/8	1/8	1		5	47		668
56	56	9/8	9/8	12/8	1	1	1/8	1/8	1		2	50		669
56	56	5/4	5/4	12/8	1	1	1/8	1/8	1		6	54		670
56	56	11/8	11/8	12/8	1	1	1/8	1/8	1		1	55		671
57	57	0	0	12/8	1	1	1/8	1/8	1		4	52		672
57	57	1/8	1/8	12/8	1	1	1/8	1/8	1		1	43		673
57	57	1/4	1/4	12/8	1	1	1/8	1/8	1		0	48		674
57	57	3/8	3/8	12/8	1	1	1/8	1/8	1		4	52		675
57	57	1/2	1/2	12/8	1	1	1/8	1/8	1		6	54		676
57	57	5/8	5/8	12/8	1	1	1/8	1/8	1		1	55		677
57	57	3/4	3/4	12/8	1	1	1/8	1/8	1		2	50		678
57	57	7/8	7/8	12/8	1	1	1/8	1/8	1		1	43		679
57	57	1	1	12/8	1	1	1/8	1/8	1		5	47		680
57	57	9/8	9/8	12/8	1	1	1/8	1/8	1		2	50		681
57	57	5/4	5/4	12/8	1	1	1/8	1/8	1		6	54		682
57	57	11/8	11/8	12/8	1	1	1/8	1/8	1		1	55		683
58	58	0	0	12/8	1	1	1/8	1/8	1		0	48		684
58	58	1/8	1/8	12/8	1	1	1/8	1/8	1		3	45		685
58	58	1/4	1/4	12/8	1	1	1/8	1/8	1		5	47		686
58	58	3/8	3/8	12/8	1	1	1/8	1/8	1		0	48		687
58	58	1/2	1/2	12/8	1	1	1/8	1/8	1		3	45		688
58	58	5/8	5/8	12/8	1	1	1/8	1/8	1		1	43		689
58	58	3/4	3/4	12/8	1	1	1/8	1/8	1		6	42		690
58	58	7/8	7/8	12/8	1	1	1/8	1/8	1		3	45		691
58	58	1	1	12/8	1	1	1/8	1/8	1		5	47		692
58	58	9/8	9/8	12/8	1	1	1/8	1/8	1		0	48		693
58	58	5/4	5/4	12/8	1	1	1/8	1/8	1		3	45		694
58	58	11/8	11/8	12/8	1	1	1/8	1/8	1		6	42		695
59	59	0	0	12/8	1	1	1/8	1/8	1		2	38		696
59	59	1/8	1/8	12/8	1	1	1/8	1/8	1		6	42		697
59	59	1/4	1/4	12/8	1	1	1/8	1/8	1		3	45		698
59	59	3/8	3/8	12/8	1	1	1/8	1/8	1		0	48		699
59	59	1/2	1/2	12/8	1	1	1/8	1/8	1		2	50		700
59	59	5/8	5/8	12/8	1	1	1/8	1/8	1		6	54		701
59	59	3/4	3/4	12/8	1	1	1/8	1/8	1		3	57		702
59	59	7/8	7/8	12/8	1	1	1/8	1/8	1		2	62		703
59	59	1	1	12/8	1	1	1/8	1/8	1		3	57		704
59	59	9/8	9/8	12/8	1	1	1/8	1/8	1		6	54		705
59	59	5/4	5/4	12/8	1	1	1/8	1/8	1		2	50		706
59	59	11/8	11/8	12/8	1	1	1/8	1/8	1		0	48		707
60	60	0	0	12/8	1	1	1/8	1/8	1		5	47		708
60	60	1/8	1/8	12/8	1	1	1/8	1/8	1		1	43		709
60	60	1/4	1/4	12/8	1	1	1/8	1/8	1		3	45		710
60	60	3/8	3/8	12/8	1	1	1/8	1/8	1		5	47		711
60	60	1/2	1/2	12/8	1	1	1/8	1/8	1		2	50		712
60	60	5/8	5/8	12/8	1	1	1/8	1/8	1		3	45		713
60	60	3/4	3/4	12/8	1	1	1/8	1/8	1		5	47		714
60	60	7/8	7/8	12/8	1	1	1/8	1/8	1		1	43		715
60	60	1	1	12/8	1	1	1/8	1/8	1		3	45		716
60	60	9/8	9/8	12/8	1	1	1/8	1/8	1		5	47		717
60	60	5/4	5/4	12/8	1	1	1/8	1/8	1		1	55		718
60	60	11/8	11/8	12/8	1	1	1/8	1/8	1		3	45		719
61	61	0	0	12/8	1	1	1/8	1/8	1		5	47		720
61	61	1/8	1/8	12/8	1	1	1/8	1/8	1		1	43		721
61	61	1/4	1/4	12/8	1	1	1/8	1/8	1		3	45		722
61	61	3/8	3/8	12/8	1	1	1/8	1/8	1		5	47		723
61	61	1/2	1/2	12/8	1	1	1/8	1/8	1		2	50		724
61	61	5/8	5/8	12/8	1	1	1/8	1/8	1		3	45		725
61	61	3/4	3/4	12/8	1	1	1/8	1/8	1		5	47		726
61	61	7/8	7/8	12/8	1	1	1/8	1/8	1		1	43		727
61	61	1	1	12/8	1	1	1/8	1/8	1		3	45		728
61	61	9/8	9/8	12/8	1	1	1/8	1/8	1		5	47		729
61	61	5/4	5/4	12/8	1	1	1/8	1/8	1		1	55		730
61	61	11/8	11/8	12/8	1	1	1/8	1/8	1		4	52		731
62	62	0	0	12/8	1	1	1/8	1/8	1		7	49		732
62	62	1/8	1/8	12/8	1	1	1/8	1/8	1		3	45		733
62	62	1/4	1/4	12/8	1	1	1/8	1/8	1		5	47		734
62	62	3/8	3/8	12/8	1	1	1/8	1/8	1		7	49		735
62	62	1/2	1/2	12/8	1	1	1/8	1/8	1		4	52		736
62	62	5/8	5/8	12/8	1	1	1/8	1/8	1		6	54		737
62	62	3/4	3/4	12/8	1	1	1/8	1/8	1		1	55		738
62	62	7/8	7/8	12/8	1	1	1/8	1/8	1		4	52		739
62	62	1	1	12/8	1	1	1/8	1/8	1		2	50		740
62	62	9/8	9/8	12/8	1	1	1/8	1/8	1		7	49		741
62	62	5/4	5/4	12/8	1	1	1/8	1/8	1		4	52		742
62	62	11/8	11/8	12/8	1	1	1/8	1/8	1		5	47		743
63	63	0	0	12/8	1	1	1/8	1/8	1		7	49		744
63	63	1/8	1/8	12/8	1	1	1/8	1/8	1		3	45		745
63	63	1/4	1/4	12/8	1	1	1/8	1/8	1		5	47		746
63	63	3/8	3/8	12/8	1	1	1/8	1/8	1		7	49		747
63	63	1/2	1/2	12/8	1	1	1/8	1/8	1		4	52		748
63	63	5/8	5/8	12/8	1	1	1/8	1/8	1		6	54		749
63	63	3/4	3/4	12/8	1	1	1/8	1/8	1		1	55		750
63	63	7/8	7/8	12/8	1	1	1/8	1/8	1		3	57		751
63	63	1	1	12/8	1	1	1/8	1/8	1		5	59		752
63	63	9/8	9/8	12/8	1	1	1/8	1/8	1		7	61		753
63	63	5/4	5/4	12/8	1	1	1/8	1/8	1		2	62		754
63	63	11/8	11/8	12/8	1	1	1/8	1/8	1		4	64		755
64	64	0	0	12/8	1	1	1/8	1/8	1		6	54		756
64	64	1/8	1/8	12/8	1	1	1/8	1/8	1		2	50		757
64	64	1/4	1/4	12/8	1	1	1/8	1/8	1		4	52		758
64	64	3/8	3/8	12/8	1	1	1/8	1/8	1		6	54		759
64	64	1/2	1/2	12/8	1	1	1/8	1/8	1		3	57		760
64	64	5/8	5/8	12/8	1	1	1/8	1/8	1		4	52		761
64	64	3/4	3/4	12/8	1	1	1/8	1/8	1		6	54		762
64	64	7/8	7/8	12/8	1	1	1/8	1/8	1		2	50		763
64	64	1	1	12/8	1	1	1/8	1/8	1		4	52		764
64	64	9/8	9/8	12/8	1	1	1/8	1/8	1		6	54		765
64	64	5/4	5/4	12/8	1	1	1/8	1/8	1		2	62		766
64	64	11/8	11/8	12/8	1	1	1/8	1/8	1		4	52		767
65	65	0	0	12/8	1	1	1/8	1/8	1		6	54		768
65	65	1/8	1/8	12/8	1	1	1/8	1/8	1		2	50		769
65	65	1/4	1/4	12/8	1	1	1/8	1/8	1		4	52		770
65	65	3/8	3/8	12/8	1	1	1/8	1/8	1		6	54		771
65	65	1/2	1/2	12/8	1	1	1/8	1/8	1		3	57		772
65	65	5/8	5/8	12/8	1	1	1/8	1/8	1		4	52		773
65	65	3/4	3/4	12/8	1	1	1/8	1/8	1		6	54		774
65	65	7/8	7/8	12/8	1	1	1/8	1/8	1		2	50		775
65	65	1	1	12/8	1	1	1/8	1/8	1		4	52		776
65	65	9/8	9/8	12/8	1	1	1/8	1/8	1		6	54		777
65	65	5/4	5/4	12/8	1	1	1/8	1/8	1		2	62		778
65	65	11/8	11/8	12/8	1	1	1/8	1/8	1		5	59		779
66	66	0	0	12/8	1	1	1/8	1/8	1		8	56		780
66	66	1/8	1/8	12/8	1	1	1/8	1/8	1		4	52		781
66	66	1/4	1/4	12/8	1	1	1/8	1/8	1		6	54		782
66	66	3/8	3/8	12/8	1	1	1/8	1/8	1		8	56		783
66	66	1/2	1/2	12/8	1	1	1/8	1/8	1		5	59		784
66	66	5/8	5/8	12/8	1	1	1/8	1/8	1		7	61		785
66	66	3/4	3/4	12/8	1	1	1/8	1/8	1		2	62		786
66	66	7/8	7/8	12/8	1	1	1/8	1/8	1		5	59		787
66	66	1	1	12/8	1	1	1/8	1/8	1		3	57		788
66	66	9/8	9/8	12/8	1	1	1/8	1/8	1		8	56		789
66	66	5/4	5/4	12/8	1	1	1/8	1/8	1		5	59		790
66	66	11/8	11/8	12/8	1	1	1/8	1/8	1		6	54		791
67	67	0	0	12/8	1	1	1/8	1/8	1		8	56		792
67	67	1/8	1/8	12/8	1	1	1/8	1/8	1		4	52		793
67	67	1/4	1/4	12/8	1	1	1/8	1/8	1		6	54		794
67	67	3/8	3/8	12/8	1	1	1/8	1/8	1		8	56		795
67	67	1/2	1/2	12/8	1	1	1/8	1/8	1		5	59		796
67	67	5/8	5/8	12/8	1	1	1/8	1/8	1		7	61		797
67	67	3/4	3/4	12/8	1	1	1/8	1/8	1		2	62		798
67	67	7/8	7/8	12/8	1	1	1/8	1/8	1		4	64		799
67	67	1	1	12/8	1	1	1/8	1/8	1		6	66		800
67	67	9/8	9/8	12/8	1	1	1/8	1/8	1		8	68		801
67	67	5/4	5/4	12/8	1	1	1/8	1/8	1		3	69		802
67	67	11/8	11/8	12/8	1	1	1/8	1/8	1		5	71		803
68	68	0	0	12/8	1	1	1/8	1/8	1		7	61		804
68	68	1/8	1/8	12/8	1	1	1/8	1/8	1		3	57		805
68	68	1/4	1/4	12/8	1	1	1/8	1/8	1		5	59		806
68	68	3/8	3/8	12/8	1	1	1/8	1/8	1		7	61		807
68	68	1/2	1/2	12/8	1	1	1/8	1/8	1		4	64		808
68	68	5/8	5/8	12/8	1	1	1/8	1/8	1		6	66		809
68	68	3/4	3/4	12/8	1	1	1/8	1/8	1		1	67		810
68	68	7/8	7/8	12/8	1	1	1/8	1/8	1		4	64		811
68	68	1	1	12/8	1	1	1/8	1/8	1		2	62		812
68	68	9/8	9/8	12/8	1	1	1/8	1/8	1		7	61		813
68	68	5/4	5/4	12/8	1	1	1/8	1/8	1		4	64		814
68	68	11/8	11/8	12/8	1	1	1/8	1/8	1		5	59		815
69	69	0	0	12/8	1	1	1/8	1/8	1		7	61		816
69	69	1/8	1/8	12/8	1	1	1/8	1/8	1		3	57		817
69	69	1/4	1/4	12/8	1	1	1/8	1/8	1		5	59		818
69	69	3/8	3/8	12/8	1	1	1/8	1/8	1		7	61		819
69	69	1/2	1/2	12/8	1	1	1/8	1/8	1		4	64		820
69	69	5/8	5/8	12/8	1	1	1/8	1/8	1		6	66		821
69	69	3/4	3/4	12/8	1	1	1/8	1/8	1		1	67		822
69	69	7/8	7/8	12/8	1	1	1/8	1/8	1		3	69		823
69	69	1	1	12/8	1	1	1/8	1/8	1		5	71		824
69	69	9/8	9/8	12/8	1	1	1/8	1/8	1		7	73		825
69	69	5/4	5/4	12/8	1	1	1/8	1/8	1		2	74		826
69	69	11/8	11/8	12/8	1	1	1/8	1/8	1		4	76		827
70	70	0	0	12/8	1	1	1/8	1/8	1		3	57		828
70	70	1/8	1/8	12/8	1	1	1/8	1/8	1		6	66		829
70	70	1/4	1/4	12/8	1	1	1/8	1/8	1		2	74		830
70	70	3/8	3/8	12/8	1	1	1/8	1/8	1		6	66		831
70	70	1/2	1/2	12/8	1	1	1/8	1/8	1		2	62		832
70	70	5/8	5/8	12/8	1	1	1/8	1/8	1		4	64		833
70	70	3/4	3/4	12/8	1	1	1/8	1/8	1		6	66		834
70	70	7/8	7/8	12/8	1	1	1/8	1/8	1		2	74		835
70	70	1	1	12/8	1	1	1/8	1/8	1		4	64		836
70	70	9/8	9/8	12/8	1	1	1/8	1/8	1		6	66		837
70	70	5/4	5/4	12/8	1	1	1/8	1/8	1		2	74		838
70	70	11/8	11/8	12/8	1	1	1/8	1/8	1		2	62		839
71	71	0	0	12/8	1	1	1/8	1/8	1		3	57		840
71	71	1/8	1/8	12/8	1	1	1/8	1/8	1		1	67		841
71	71	1/4	1/4	12/8	1	1	1/8	1/8	1		4	76		842
71	71	3/8	3/8	12/8	1	1	1/8	1/8	1		1	67		843
71	71	1/2	1/2	12/8	1	1	1/8	1/8	1		4	64		844
71	71	5/8	5/8	12/8	1	1	1/8	1/8	1		6	66		845
71	71	3/4	3/4	12/8	1	1	1/8	1/8	1		1	67		846
71	71	7/8	7/8	12/8	1	1	1/8	1/8	1		4	76		847
71	71	1	1	12/8	1	1	1/8	1/8	1		6	66		848
71	71	9/8	9/8	12/8	1	1	1/8	1/8	1		1	67		849
71	71	5/4	5/4	12/8	1	1	1/8	1/8	1		4	76		850
71	71	11/8	11/8	12/8	1	1	1/8	1/8	1		4	64		851
72	72	0	0	12/8	1	1	1/8	1/8	1		3	57		852
72	72	1/8	1/8	12/8	1	1	1/8	1/8	1		3	69		853
72	72	1/4	1/4	12/8	1	1	1/8	1/8	1		6	78		854
72	72	3/8	3/8	12/8	1	1	1/8	1/8	1		3	69		855
72	72	1/2	1/2	12/8	1	1	1/8	1/8	1		6	66		856
72	72	5/8	5/8	12/8	1	1	1/8	1/8	1		1	67		857
72	72	3/4	3/4	12/8	1	1	1/8	1/8	1		3	69		858
72	72	7/8	7/8	12/8	1	1	1/8	1/8	1		6	78		859
72	72	1	1	12/8	1	1	1/8	1/8	1		1	67		860
72	72	9/8	9/8	12/8	1	1	1/8	1/8	1		3	69		861
72	72	5/4	5/4	12/8	1	1	1/8	1/8	1		6	78		862
72	72	11/8	11/8	12/8	1	1	1/8	1/8	1		6	66		863
73	73	0	0	12/8	1	1	1/8	1/8	1		3	57		864
73	73	1/8	1/8	12/8	1	1	1/8	1/8	1		5	71		865
73	73	1/4	1/4	12/8	1	1	1/8	1/8	1		1	79		866
73	73	3/8	3/8	12/8	1	1	1/8	1/8	1		5	71		867
73	73	1/2	1/2	12/8	1	1	1/8	1/8	1		1	67		868
73	73	5/8	5/8	12/8	1	1	1/8	1/8	1		3	69		869
73	73	3/4	3/4	12/8	1	1	1/8	1/8	1		5	71		870
73	73	7/8	7/8	12/8	1	1	1/8	1/8	1		1	79		871
73	73	1	1	12/8	1	1	1/8	1/8	1		3	69		872
73	73	9/8	9/8	12/8	1	1	1/8	1/8	1		5	71		873
73	73	5/4	5/4	12/8	1	1	1/8	1/8	1		1	79		874
73	73	11/8	11/8	12/8	1	1	1/8	1/8	1		1	67		875
74	74	0	0	12/8	1	1	1/8	1/8	1		3	57		876
74	74	1/8	1/8	12/8	1	1	1/8	1/8	1		7	73		877
74	74	1/4	1/4	12/8	1	1	1/8	1/8	1		1	79		878
74	74	3/8	3/8	12/8	1	1	1/8	1/8	1		6	78		879
74	74	1/2	1/2	12/8	1	1	1/8	1/8	1		4	76		880
74	74	5/8	5/8	12/8	1	1	1/8	1/8	1		2	74		881
74	74	3/4	3/4	12/8	1	1	1/8	1/8	1		7	73		882
74	74	7/8	7/8	12/8	1	1	1/8	1/8	1		6	78		883
74	74	1	1	12/8	1	1	1/8	1/8	1		4	76		884
74	74	9/8	9/8	12/8	1	1	1/8	1/8	1		2	74		885
74	74	5/4	5/4	12/8	1	1	1/8	1/8	1		7	73		886
74	74	11/8	11/8	12/8	1	1	1/8	1/8	1		5	71		887
75	75	0	0	12/8	1	1	1/8	1/8	1		3	69		888
75	75	1/8	1/8	12/8	1	1	1/8	1/8	1		6	78		889
75	75	1/4	1/4	12/8	1	1	1/8	1/8	1		4	76		890
75	75	3/8	3/8	12/8	1	1	1/8	1/8	1		6	78		891
75	75	1/2	1/2	12/8	1	1	1/8	1/8	1		1	67		892
75	75	5/8	5/8	12/8	1	1	1/8	1/8	1		6	66		893
75	75	3/4	3/4	12/8	1	1	1/8	1/8	1		1	67		894
75	75	7/8	7/8	12/8	1	1	1/8	1/8	1		4	76		895
75	75	1	1	12/8	1	1	1/8	1/8	1		2	74		896
75	75	9/8	9/8	12/8	1	1	1/8	1/8	1		4	76		897
75	75	5/4	5/4	12/8	1	1	1/8	1/8	1		6	66		898
75	75	11/8	11/8	12/8	1	1	1/8	1/8	1		4	64		899
76	76	0	0	12/8	1	1	1/8	1/8	1		6	66		900
76	76	1/8	1/8	12/8	1	1	1/8	1/8	1		2	74		901
76	76	1/4	1/4	12/8	1	1	1/8	1/8	1		7	73		902
76	76	3/8	3/8	12/8	1	1	1/8	1/8	1		2	74		903
76	76	1/2	1/2	12/8	1	1	1/8	1/8	1		4	64		904
76	76	5/8	5/8	12/8	1	1	1/8	1/8	1		2	62		905
76	76	3/4	3/4	12/8	1	1	1/8	1/8	1		4	64		906
76	76	7/8	7/8	12/8	1	1	1/8	1/8	1		7	73		907
76	76	1	1	12/8	1	1	1/8	1/8	1		5	71		908
76	76	9/8	9/8	12/8	1	1	1/8	1/8	1		7	73		909
76	76	5/4	5/4	12/8	1	1	1/8	1/8	1		3	69		910
76	76	11/8	11/8	12/8	1	1	1/8	1/8	1		6	66		911
77	77	0	0	12/8	1	1	1/8	1/8	1		2	62		912
77	77	1/8	1/8	12/8	1	1	1/8	1/8	1		5	71		913
77	77	1/4	1/4	12/8	1	1	1/8	1/8	1		3	69		914
77	77	3/8	3/8	12/8	1	1	1/8	1/8	1		5	71		915
77	77	1/2	1/2	12/8	1	1	1/8	1/8	1		1	67		916
77	77	5/8	5/8	12/8	1	1	1/8	1/8	1		4	64		917
77	77	3/4	3/4	12/8	1	1	1/8	1/8	1		7	61		918
77	77	7/8	7/8	12/8	1	1	1/8	1/8	1		3	69		919
77	77	1	1	12/8	1	1	1/8	1/8	1		1	67		920
77	77	9/8	9/8	12/8	1	1	1/8	1/8	1		3	69		921
77	77	5/4	5/4	12/8	1	1	1/8	1/8	1		6	66		922
77	77	11/8	11/8	12/8	1	1	1/8	1/8	1		2	62		923
78	78	0	0	12/8	1	1	1/8	1/8	1		5	59		924
78	78	1/8	1/8	12/8	1	1	1/8	1/8	1		1	67		925
78	78	1/4	1/4	12/8	1	1	1/8	1/8	1		6	66		926
78	78	3/8	3/8	12/8	1	1	1/8	1/8	1		1	67		927
78	78	1/2	1/2	12/8	1	1	1/8	1/8	1		4	64		928
78	78	5/8	5/8	12/8	1	1	1/8	1/8	1		7	61		929
78	78	3/4	3/4	12/8	1	1	3/16	1/8	3/2		3	57		930
78	78	15/16	15/16	12/8	1	1	1/16	1/16	1		5	59		931
78	78	1	1	12/8	1	1	1/32	1/32	1		7	61		932
78	78	33/32	33/32	12/8	1	1	1/32	1/32	1		2	62		933
78	78	17/16	17/16	12/8	1	1	1/32	1/32	1		4	64		934
78	78	35/32	35/32	12/8	1	1	1/32	1/32	1		6	66		935
78	78	9/8	9/8	12/8	1	1	1/8	1/8	1		1	67		936
78	78	5/4	5/4	12/8	1	1	1/8	1/8	1		4	64		937
78	78	11/8	11/8	12/8	1	1	1/8	1/8	1		7	61		938
79	79	0	0	12/8	1	1	1/8	1/8	1		3	57		939
79	79	1/8	1/8	12/8	1	1	1/8	1/8	1		6	66		940
79	79	1/4	1/4	12/8	1	1	1/8	1/8	1		4	64		941
79	79	3/8	3/8	12/8	1	1	1/8	1/8	1		6	66		942
79	79	1/2	1/2	12/8	1	1	1/8	1/8	1		2	62		943
79	79	5/8	5/8	12/8	1	1	1/8	1/8	1		5	59		944
79	79	3/4	3/4	12/8	1	1	3/16	1/8	3/2		1	55		945
79	79	15/16	15/16	12/8	1	1	1/32	1/32	1		3	57		946
79	79	31/32	31/32	12/8	1	1	1/32	1/32	1		5	59		947
79	79	1	1	12/8	1	1	1/16	1/16	1		7	61		948
79	79	17/16	17/16	12/8	1	1	1/16	1/16	1		2	62		949
79	79	9/8	9/8	12/8	1	1	1/8	1/8	1		4	64		950
79	79	5/4	5/4	12/8	1	1	1/8	1/8	1		7	61		951
79	79	11/8	11/8	12/8	1	1	1/8	1/8	1		3	57		952
80	80	0	0	12/8	1	1	1/8	1/8	1		6	54		953
80	80	1/8	1/8	12/8	1	1	1/8	1/8	1		2	62		954
80	80	1/4	1/4	12/8	1	1	1/8	1/8	1		7	61		955
80	80	3/8	3/8	12/8	1	1	1/8	1/8	1		2	62		956
80	80	1/2	1/2	12/8	1	1	1/8	1/8	1		5	59		957
80	80	5/8	5/8	12/8	1	1	1/8	1/8	1		1	55		958
80	80	3/4	3/4	12/8	1	1	3/16	1/8	3/2		4	52		959
80	80	15/16	15/16	12/8	1	1	1/32	1/32	1		6	54		960
80	80	31/32	31/32	12/8	1	1	1/32	1/32	1		1	55		961
80	80	1	1	12/8	1	1	1/16	1/16	1		3	57		962
80	80	17/16	17/16	12/8	1	1	1/16	1/16	1		5	59		963
80	80	9/8	9/8	12/8	1	1	1/8	1/8	1		7	61		964
80	80	5/4	5/4	12/8	1	1	1/8	1/8	1		3	57		965
80	80	11/8	11/8	12/8	1	1	1/8	1/8	1		6	54		966
81	81	0	0	12/8	1	1	1/8	1/8	1		2	50		967
81	81	1/8	1/8	12/8	1	1	1/8	1/8	1		5	59		968
81	81	1/4	1/4	12/8	1	1	1/8	1/8	1		1	55		969
81	81	3/8	3/8	12/8	1	1	1/8	1/8	1		4	52		970
81	81	1/2	1/2	12/8	1	1	1/8	1/8	1		7	49		971
81	81	5/8	5/8	12/8	1	1	1/8	1/8	1		3	57		972
81	81	3/4	3/4	12/8	1	1	1/8	1/8	1		5	47		973
81	81	7/8	7/8	12/8	1	1	1/8	1/8	1		1	55		974
81	81	1	1	12/8	1	1	1/8	1/8	1		4	52		975
81	81	9/8	9/8	12/8	1	1	1/8	1/8	1		7	49		976
81	81	5/4	5/4	12/8	1	1	1/8	1/8	1		3	45		977
81	81	11/8	11/8	12/8	1	1	1/8	1/8	1		6	54		978
82	82	0	0	12/8	1	1	1/8	1/8	1		1	43		979
82	82	1/8	1/8	12/8	1	1	1/8	1/8	1		4	52		980
82	82	1/4	1/4	12/8	1	1	1/8	1/8	1		7	49		981
82	82	3/8	3/8	12/8	1	1	1/8	1/8	1		3	45		982
82	82	1/2	1/2	12/8	1	1	1/8	1/8	1		6	42		983
82	82	5/8	5/8	12/8	1	1	1/8	1/8	1		2	50		984
82	82	3/4	3/4	12/8	1	1	1/8	1/8	1		4	40		985
82	82	7/8	7/8	12/8	1	1	1/8	1/8	1		1	43		986
82	82	1	1	12/8	1	1	1/8	1/8	1		3	45		987
82	82	9/8	9/8	12/8	1	1	1/8	1/8	1		7	49		988
82	82	5/4	5/4	12/8	1	1	1/8	1/8	1		4	52		989
82	82	11/8	11/8	12/8	1	1	1/8	1/8	1		6	54		990
83	83	0	0	12/8	1	1	1/8	1/8	1		1	55		991
83	83	1/8	1/8	12/8	1	1	1/8	1/8	1		3	57		992
83	83	1/4	1/4	12/8	1	1	1/8	1/8	1		7	61		993
83	83	3/8	3/8	12/8	1	1	1/8	1/8	1		4	64		994
83	83	1/2	1/2	12/8	1	1	1/8	1/8	1		1	67		995
83	83	5/8	5/8	12/8	1	1	1/8	1/8	1		3	69		996
83	83	3/4	3/4	12/8	1	1	3/8	1/4	3/2	1	7	73		997
83	83	9/8	9/8	12/8	1	1	1/16	1/16	1	-1	7	73		998
83	83	19/16	19/16	12/8	1	1	1/16	1/16	1		5	71		999
83	83	5/4	5/4	12/8	1	1	1/16	1/16	1		3	69		1000
83	83	21/16	21/16	12/8	1	1	1/16	1/16	1		1	67		1001
83	83	11/8	11/8	12/8	1	1	1/16	1/16	1		6	66		1002
83	83	23/16	23/16	12/8	1	1	1/16	1/16	1		4	64		1003
84	84	0	0	12/8	1	1	1/16	1/16	1		3	69		1004
84	84	1/16	1/16	12/8	1	1	1/16	1/16	1		1	67		1005
84	84	1/8	1/8	12/8	1	1	1/16	1/16	1		6	66		1006
84	84	3/16	3/16	12/8	1	1	1/16	1/16	1		4	64		1007
84	84	1/4	1/4	12/8	1	1	1/16	1/16	1		2	62		1008
84	84	5/16	5/16	12/8	1	1	1/16	1/16	1		7	61		1009
84	84	3/8	3/8	12/8	1	1	1/16	1/16	1		6	66		1010
84	84	7/16	7/16	12/8	1	1	1/16	1/16	1		4	64		1011
84	84	1/2	1/2	12/8	1	1	1/16	1/16	1		2	62		1012
84	84	9/16	9/16	12/8	1	1	1/16	1/16	1		7	61		1013
84	84	5/8	5/8	12/8	1	1	1/16	1/16	1		5	59		1014
84	84	11/16	11/16	12/8	1	1	1/16	1/16	1		3	57		1015
84	84	3/4	3/4	12/8	1	1	1/16	1/16	1		2	62		1016
84	84	13/16	13/16	12/8	1	1	1/16	1/16	1		7	61		1017
84	84	7/8	7/8	12/8	1	1	1/16	1/16	1		5	59		1018
84	84	15/16	15/16	12/8	1	1	1/16	1/16	1		3	57		1019
84	84	1	1	12/8	1	1	1/16	1/16	1		8	56		1020
84	84	17/16	17/16	12/8	1	1	1/16	1/16	1		6	54		1021
84	84	9/8	9/8	12/8	1	1	1/16	1/16	1		5	59		1022
84	84	19/16	19/16	12/8	1	1	1/16	1/16	1		3	57		1023
84	84	5/4	5/4	12/8	1	1	1/16	1/16	1		8	56		1024
84	84	21/16	21/16	12/8	1	1	1/16	1/16	1		6	54		1025
84	84	11/8	11/8	12/8	1	1	1/16	1/16	1		4	52		1026
84	84	23/16	23/16	12/8	1	1	1/16	1/16	1		2	50		1027
85	85	0	0	12/8	1	1	1/16	1/16	1		7	49		1028
85	85	1/16	1/16	12/8	1	1	1/16	1/16	1		4	52		1029
85	85	1/8	1/8	12/8	1	1	1/16	1/16	1		3	57		1030
85	85	3/16	3/16	12/8	1	1	1/16	1/16	1		7	61		1031
85	85	1/4	1/4	12/8	1	1	1/16	1/16	1		4	64		1032
85	85	5/16	5/16	12/8	1	1	1/16	1/16	1		3	69		1033
85	85	3/8	3/8	12/8	1	1	1/16	1/16	1		4	64		1034
85	85	7/16	7/16	12/8	1	1	1/16	1/16	1		7	61		1035
85	85	1/2	1/2	12/8	1	1	1/16	1/16	1		3	57		1036
85	85	9/16	9/16	12/8	1	1	1/16	1/16	1		4	52		1037
85	85	5/8	5/8	12/8	1	1	1/16	1/16	1		7	49		1038
85	85	11/16	11/16	12/8	1	1	1/16	1/16	1		3	45		1039
85	85	3/4	3/4	12/8	1	1	1/16	1/16	1		7	49		1040
85	85	13/16	13/16	12/8	1	1	1/16	1/16	1		4	52		1041
85	85	7/8	7/8	12/8	1	1	1/16	1/16	1		3	57		1042
85	85	15/16	15/16	12/8	1	1	1/16	1/16	1		7	61		1043
85	85	1	1	12/8	1	1	1/16	1/16	1		4	64		1044
85	85	17/16	17/16	12/8	1	1	1/16	1/16	1		3	69		1045
85	85	9/8	9/8	12/8	1	1	1/16	1/16	1		4	64		1046
85	85	19/16	19/16	12/8	1	1	1/16	1/16	1		7	61		1047
85	85	5/4	5/4	12/8	1	1	1/16	1/16	1		3	57		1048
85	85	21/16	21/16	12/8	1	1	1/16	1/16	1		4	52		1049
85	85	11/8	11/8	12/8	1	1	1/16	1/16	1		7	49		1050
85	85	23/16	23/16	12/8	1	1	1/16	1/16	1		3	45		1051
86	86	0	0	12/8	1	1	1/16	1/16	1		1	43		1052
86	86	1/16	1/16	12/8	1	1	1/16	1/16	1		4	52		1053
86	86	1/8	1/8	12/8	1	1	1/16	1/16	1		3	57		1054
86	86	3/16	3/16	12/8	1	1	1/16	1/16	1		7	61		1055
86	86	1/4	1/4	12/8	1	1	1/16	1/16	1		4	64		1056
86	86	5/16	5/16	12/8	1	1	1/16	1/16	1		3	69		1057
86	86	3/8	3/8	12/8	1	1	1/16	1/16	1		4	64		1058
86	86	7/16	7/16	12/8	1	1	1/16	1/16	1		7	61		1059
86	86	1/2	1/2	12/8	1	1	1/16	1/16	1		3	57		1060
86	86	9/16	9/16	12/8	1	1	1/16	1/16	1		4	52		1061
86	86	5/8	5/8	12/8	1	1	1/16	1/16	1		7	49		1062
86	86	11/16	11/16	12/8	1	1	1/16	1/16	1		3	45		1063
86	86	3/4	3/4	12/8	1	1	1/16	1/16	1		1	43		1064
86	86	13/16	13/16	12/8	1	1	1/16	1/16	1		4	52		1065
86	86	7/8	7/8	12/8	1	1	1/16	1/16	1		3	57		1066
86	86	15/16	15/16	12/8	1	1	1/16	1/16	1		7	61		1067
86	86	1	1	12/8	1	1	1/16	1/16	1		4	64		1068
86	86	17/16	17/16	12/8	1	1	1/16	1/16	1		3	69		1069
86	86	9/8	9/8	12/8	1	1	1/16	1/16	1		4	64		1070
86	86	19/16	19/16	12/8	1	1	1/16	1/16	1		7	61		1071
86	86	5/4	5/4	12/8	1	1	1/16	1/16	1		3	57		1072
86	86	21/16	21/16	12/8	1	1	1/16	1/16	1		4	52		1073
86	86	11/8	11/8	12/8	1	1	1/16	1/16	1		7	49		1074
86	86	23/16	23/16	12/8	1	1	1/16	1/16	1		3	45		1075
87	87	0	0	12/8	1	1	1/16	1/16	1		6	42		1076
87	87	1/16	1/16	12/8	1	1	1/16	1/16	1		3	45		1077
87	87	1/8	1/8	12/8	1	1	1/16	1/16	1		5	47		1078
87	87	3/16	3/16	12/8	1	1	1/16	1/16	1		0	48		1079
87	87	1/4	1/4	12/8	1	1	1/16	1/16	1		5	47		1080
87	87	5/16	5/16	12/8	1	1	1/16	1/16	1		3	45		1081
87	87	3/8	3/8	12/8	1	1	1/16	1/16	1		2	38		1082
87	87	7/16	7/16	12/8	1	1	1/16	1/16	1		3	45		1083
87	87	1/2	1/2	12/8	1	1	1/16	1/16	1		5	47		1084
87	87	9/16	9/16	12/8	1	1	1/16	1/16	1		0	48		1085
87	87	5/8	5/8	12/8	1	1	1/16	1/16	1		5	47		1086
87	87	11/16	11/16	12/8	1	1	1/16	1/16	1		3	45		1087
87	87	3/4	3/4	12/8	1	1	1/16	1/16	1		6	54		1088
87	87	13/16	13/16	12/8	1	1	1/16	1/16	1		3	57		1089
87	87	7/8	7/8	12/8	1	1	1/16	1/16	1		5	59		1090
87	87	15/16	15/16	12/8	1	1	1/16	1/16	1		0	60		1091
87	87	1	1	12/8	1	1	1/16	1/16	1		5	59		1092
87	87	17/16	17/16	12/8	1	1	1/16	1/16	1		3	57		1093
87	87	9/8	9/8	12/8	1	1	1/16	1/16	1		6	66		1094
87	87	19/16	19/16	12/8	1	1	1/16	1/16	1		3	57		1095
87	87	5/4	5/4	12/8	1	1	1/16	1/16	1		5	59		1096
87	87	21/16	21/16	12/8	1	1	1/16	1/16	1		0	60		1097
87	87	11/8	11/8	12/8	1	1	1/16	1/16	1		5	59		1098
87	87	23/16	23/16	12/8	1	1	1/16	1/16	1		3	57		1099
88	88	0	0	12/8	1	1	1/16	1/16	1		5	59		1100
88	88	1/16	1/16	12/8	1	1	1/16	1/16	1		2	62		1101
88	88	1/8	1/8	12/8	1	1	1/16	1/16	1		0	60		1102
88	88	3/16	3/16	12/8	1	1	1/16	1/16	1		5	59		1103
88	88	1/4	1/4	12/8	1	1	1/16	1/16	1		3	57		1104
88	88	5/16	5/16	12/8	1	1	1/16	1/16	1		1	55		1105
88	88	3/8	3/8	12/8	1	1	1/16	1/16	1		5	59		1106
88	88	7/16	7/16	12/8	1	1	1/16	1/16	1		3	57		1107
88	88	1/2	1/2	12/8	1	1	1/16	1/16	1		1	55		1108
88	88	9/16	9/16	12/8	1	1	1/16	1/16	1		6	54		1109
88	88	5/8	5/8	12/8	1	1	1/16	1/16	1		4	52		1110
88	88	11/16	11/16	12/8	1	1	1/16	1/16	1		2	50		1111
88	88	3/4	3/4	12/8	1	1	1/16	1/16	1		4	52		1112
88	88	13/16	13/16	12/8	1	1	1/16	1/16	1		1	55		1113
88	88	7/8	7/8	12/8	1	1	1/16	1/16	1		6	54		1114
88	88	15/16	15/16	12/8	1	1	1/16	1/16	1		4	52		1115
88	88	1	1	12/8	1	1	1/16	1/16	1		2	50		1116
88	88	17/16	17/16	12/8	1	1	1/16	1/16	1		7	49		1117
88	88	9/8	9/8	12/8	1	1	1/16	1/16	1		6	54		1118
88	88	19/16	19/16	12/8	1	1	1/16	1/16	1		4	52		1119
88	88	5/4	5/4	12/8	1	1	1/16	1/16	1		2	50		1120
88	88	21/16	21/16	12/8	1	1	1/16	1/16	1		7	49		1121
88	88	11/8	11/8	12/8	1	1	1/16	1/16	1		5	47		1122
88	88	23/16	23/16	12/8	1	1	1/16	1/16	1		3	45		1123
89	89	0	0	12/8	1	1	1/16	1/16	1		-1	53		1124
89	89	1/16	1/16	12/8	1	1	1/16	1/16	1		4	52		1125
89	89	1/8	1/8	12/8	1	1	1/16	1/16	1		2	50		1126
89	89	3/16	3/16	12/8	1	1	1/16	1/16	1		4	52		1127
89	89	1/4	1/4	12/8	1	1	1/16	1/16	1		-1	53		1128
89	89	5/16	5/16	12/8	1	1	1/16	1/16	1		2	50		1129
89	89	3/8	3/8	12/8	1	1	1/16	1/16	1		8	44		1130
89	89	7/16	7/16	12/8	1	1	1/16	1/16	1		2	50		1131
89	89	1/2	1/2	12/8	1	1	1/16	1/16	1		4	52		1132
89	89	9/16	9/16	12/8	1	1	1/16	1/16	1		-1	53		1133
89	89	5/8	5/8	12/8	1	1	1/16	1/16	1		4	52		1134
89	89	11/16	11/16	12/8	1	1	1/16	1/16	1		2	50		1135
89	89	3/4	3/4	12/8	1	1	1/16	1/16	1		5	59		1136
89	89	13/16	13/16	12/8	1	1	1/16	1/16	1		2	50		1137
89	89	7/8	7/8	12/8	1	1	1/16	1/16	1		4	52		1138
89	89	15/16	15/16	12/8	1	1	1/16	1/16	1		6	54		1139
89	89	1	1	12/8	1	1	1/16	1/16	1		4	52		1140
89	89	17/16	17/16	12/8	1	1	1/16	1/16	1		2	50		1141
89	89	9/8	9/8	12/8	1	1	1/16	1/16	1		2	62		1142
89	89	19/16	19/16	12/8	1	1	1/16	1/16	1		2	50		1143
89	89	5/4	5/4	12/8	1	1	1/16	1/16	1		4	52		1144
89	89	21/16	21/16	12/8	1	1	1/16	1/16	1		6	54		1145
89	89	11/8	11/8	12/8	1	1	1/16	1/16	1		4	52		1146
89	89	23/16	23/16	12/8	1	1	1/16	1/16	1		2	50		1147
90	90	0	0	12/8	1	1	1/8	1/8	1	1	3	57		1148
90	90	1/8	1/8	12/8	1	1	1/8	1/8	1	-1	3	57		1149
90	90	1/4	1/4	12/8	1	1	1/8	1/8	1		3	57		1150
90	90	3/8	3/8	12/8	1	1	1/8	1/8	1	1	3	57		1151
90	90	1/2	1/2	12/8	1	1	1/8	1/8	1	-1	3	57		1152
90	90	5/8	5/8	12/8	1	1	1/8	1/8	1		7	61		1153
90	90	3/4	3/4	12/8	1	1	1/8	1/8	1	1	3	57		1154
90	90	7/8	7/8	12/8	1	1	1/8	1/8	1	-1	3	57		1155
90	90	1	1	12/8	1	1	1/8	1/8	1		4	64		1156
90	90	9/8	9/8	12/8	1	1	1/8	1/8	1	1	3	57		1157
90	90	5/4	5/4	12/8	1	1	1/8	1/8	1	-1	3	57		1158
90	90	11/8	11/8	12/8	1	1	1/8	1/8	1		3	69		1159
91	91	0	0	12/8	1	1	1/8	1/8	1	1	3	57		1160
91	91	1/8	1/8	12/8	1	1	1/8	1/8	1	-1	3	57		1161
91	91	1/4	1/4	12/8	1	1	1/8	1/8	1		3	57		1162
91	91	3/8	3/8	12/8	1	1	1/8	1/8	1	1	3	57		1163
91	91	1/2	1/2	12/8	1	1	1/8	1/8	1	-1	3	57		1164
91	91	5/8	5/8	12/8	1	1	1/8	1/8	1		7	61		1165
91	91	3/4	3/4	12/8	1	1	1/8	1/8	1	1	3	57		1166
91	91	7/8	7/8	12/8	1	1	1/8	1/8	1	-1	3	57		1167
91	91	1	1	12/8	1	1	1/8	1/8	1		4	64		1168
91	91	9/8	9/8	12/8	1	1	1/8	1/8	1	1	3	57		1169
91	91	5/4	5/4	12/8	1	1	1/8	1/8	1	-1	3	57		1170
91	91	11/8	11/8	12/8	1	1	1/8	1/8	1		3	69		1171
92	92	0	0	12/8	1	1	1/8	1/8	1	1	2	50		1172
92	92	1/8	1/8	12/8	1	1	1/8	1/8	1	-1	2	50		1173
92	92	1/4	1/4	12/8	1	1	1/8	1/8	1		2	50		1174
92	92	3/8	3/8	12/8	1	1	1/8	1/8	1	1	2	50		1175
92	92	1/2	1/2	12/8	1	1	1/8	1/8	1	-1	2	50		1176
92	92	5/8	5/8	12/8	1	1	1/8	1/8	1		6	54		1177
92	92	3/4	3/4	12/8	1	1	1/8	1/8	1	1	2	50		1178
92	92	7/8	7/8	12/8	1	1	1/8	1/8	1	-1	2	50		1179
92	92	1	1	12/8	1	1	1/8	1/8	1		3	57		1180
92	92	9/8	9/8	12/8	1	1	1/8	1/8	1	1	2	50		1181
92	92	5/4	5/4	12/8	1	1	1/8	1/8	1	-1	2	50		1182
92	92	11/8	11/8	12/8	1	1	1/8	1/8	1		2	62		1183
93	93	0	0	12/8	1	1	1/8	1/8	1	1	2	50		1184
93	93	1/8	1/8	12/8	1	1	1/8	1/8	1	-1	2	50		1185
93	93	1/4	1/4	12/8	1	1	1/8	1/8	1		2	50		1186
93	93	3/8	3/8	12/8	1	1	1/8	1/8	1	1	2	50		1187
93	93	1/2	1/2	12/8	1	1	1/8	1/8	1	-1	2	50		1188
93	93	5/8	5/8	12/8	1	1	1/8	1/8	1		6	54		1189
93	93	3/4	3/4	12/8	1	1	1/8	1/8	1	1	2	50		1190
93	93	7/8	7/8	12/8	1	1	1/8	1/8	1	-1	2	50		1191
93	93	1	1	12/8	1	1	1/8	1/8	1		3	57		1192
93	93	9/8	9/8	12/8	1	1	1/8	1/8	1	1	2	50		1193
93	93	5/4	5/4	12/8	1	1	1/8	1/8	1	-1	2	50		1194
93	93	11/8	11/8	12/8	1	1	1/8	1/8	1		2	62		1195
94	94	0	0	12/8	1	1	1/16	1/16	1		8	56		1196
94	94	1/16	1/16	12/8	1	1	1/16	1/16	1		3	57		1197
94	94	1/8	1/8	12/8	1	1	1/16	1/16	1		5	59		1198
94	94	3/16	3/16	12/8	1	1	1/16	1/16	1		7	61		1199
94	94	1/4	1/4	12/8	1	1	1/16	1/16	1		2	62		1200
94	94	5/16	5/16	12/8	1	1	1/16	1/16	1		4	64		1201
94	94	3/8	3/8	12/8	1	1	1/16	1/16	1		2	62		1202
94	94	7/16	7/16	12/8	1	1	1/16	1/16	1		4	64		1203
94	94	1/2	1/2	12/8	1	1	1/16	1/16	1		7	61		1204
94	94	9/16	9/16	12/8	1	1	1/16	1/16	1		4	64		1205
94	94	5/8	5/8	12/8	1	1	1/16	1/16	1		2	62		1206
94	94	11/16	11/16	12/8	1	1	1/16	1/16	1		4	64		1207
94	94	3/4	3/4	12/8	1	1	1/16	1/16	1		2	62		1208
94	94	13/16	13/16	12/8	1	1	1/16	1/16	1		4	64		1209
94	94	7/8	7/8	12/8	1	1	1/16	1/16	1		7	61		1210
94	94	15/16	15/16	12/8	1	1	1/16	1/16	1		4	64		1211
94	94	1	1	12/8	1	1	1/16	1/16	1		2	62		1212
94	94	17/16	17/16	12/8	1	1	1/16	1/16	1		4	64		1213
94	94	9/8	9/8	12/8	1	1	1/16	1/16	1		2	62		1214
94	94	19/16	19/16	12/8	1	1	1/16	1/16	1		4	64		1215
94	94	5/4	5/4	12/8	1	1	1/16	1/16	1		7	61		1216
94	94	21/16	21/16	12/8	1	1	1/16	1/16	1		4	64		1217
94	94	11/8	11/8	12/8	1	1	1/16	1/16	1		5	59		1218
94	94	23/16	23/16	12/8	1	1	1/16	1/16	1		4	64		1219
95	95	0	0	12/8	1	1	1/16	1/16	1		1	55		1220
95	95	1/16	1/16	12/8	1	1	1/16	1/16	1		3	57		1221
95	95	1/8	1/8	12/8	1	1	1/16	1/16	1		7	61		1222
95	95	3/16	3/16	12/8	1	1	1/16	1/16	1		2	62		1223
95	95	1/4	1/4	12/8	1	1	1/16	1/16	1		4	64		1224
95	95	5/16	5/16	12/8	1	1	1/16	1/16	1		2	62		1225
95	95	3/8	3/8	12/8	1	1	1/16	1/16	1		7	61		1226
95	95	7/16	7/16	12/8	1	1	1/16	1/16	1		4	64		1227
95	95	1/2	1/2	12/8	1	1	1/16	1/16	1		5	59		1228
95	95	9/16	9/16	12/8	1	1	1/16	1/16	1		4	64		1229
95	95	5/8	5/8	12/8	1	1	1/16	1/16	1		7	61		1230
95	95	11/16	11/16	12/8	1	1	1/16	1/16	1		4	64		1231
95	95	3/4	3/4	12/8	1	1	1/16	1/16	1		7	61		1232
95	95	13/16	13/16	12/8	1	1	1/16	1/16	1		4	64		1233
95	95	7/8	7/8	12/8	1	1	1/16	1/16	1		5	59		1234
95	95	15/16	15/16	12/8	1	1	1/16	1/16	1		4	64		1235
95	95	1	1	12/8	1	1	1/16	1/16	1		7	61		1236
95	95	17/16	17/16	12/8	1	1	1/16	1/16	1		4	64		1237
95	95	9/8	9/8	12/8	1	1	1/16	1/16	1		7	61		1238
95	95	19/16	19/16	12/8	1	1	1/16	1/16	1		4	64		1239
95	95	5/4	5/4	12/8	1	1	1/16	1/16	1		5	59		1240
95	95	21/16	21/16	12/8	1	1	1/16	1/16	1		4	64		1241
95	95	11/8	11/8	12/8	1	1	1/16	1/16	1		7	61		1242
95	95	23/16	23/16	12/8	1	1	1/16	1/16	1		4	64		1243
96	96	0	0	12/8	1	1	1/8	1/8	1		6	54		1244
96	96	1/8	1/8	12/8	1	1	1/8	1/8	1		4	64		1245
96	96	1/4	1/4	12/8	1	1	1/8	1/8	1		3	69		1246
96	96	3/8	3/8	12/8	1	1	1/8	1/8	1		2	62		1247
96	96	1/2	1/2	12/8	1	1	1/8	1/8	1		7	61		1248
96	96	5/8	5/8	12/8	1	1	1/8	1/8	1		5	59		1249
96	96	3/4	3/4	12/8	1	1	1/8	1/8	1		4	52		1250
96	96	7/8	7/8	12/8	1	1	1/8	1/8	1		2	62		1251
96	96	1	1	12/8	1	1	1/8	1/8	1		1	67		1252
96	96	9/8	9/8	12/8	1	1	1/8	1/8	1		7	61		1253
96	96	5/4	5/4	12/8	1	1	1/8	1/8	1		5	59		1254
96	96	11/8	11/8	12/8	1	1	1/8	1/8	1		3	57		1255
97	97	0	0	12/8	1	1	1/8	1/8	1		2	50		1256
97	97	1/8	1/8	12/8	1	1	1/8	1/8	1		3	57		1257
97	97	1/4	1/4	12/8	1	1	1/8	1/8	1		6	66		1258
97	97	3/8	3/8	12/8	1	1	1/8	1/8	1		5	71		1259
97	97	1/2	1/2	12/8	1	1	1/8	1/8	1		8	68		1260
97	97	5/8	5/8	12/8	1	1	1/8	1/8	1		3	69		1261
97	97	3/4	3/4	12/8	1	1	1/8	1/8	1		3	69		1262
97	97	7/8	7/8	12/8	1	1	1/8	1/8	1		6	66		1263
97	97	1	1	12/8	1	1	1/8	1/8	1		1	67		1264
97	97	9/8	9/8	12/8	1	1	1/8	1/8	1		1	67		1265
97	97	5/4	5/4	12/8	1	1	1/8	1/8	1		4	64		1266
97	97	11/8	11/8	12/8	1	1	1/8	1/8	1		-1	65		1267
98	98	0	0	12/8	1	1	1/8	1/8	1		-1	65		1268
98	98	1/8	1/8	12/8	1	1	1/8	1/8	1		2	62		1269
98	98	1/4	1/4	12/8	1	1	1/8	1/8	1		-3	63		1270
98	98	3/8	3/8	12/8	1	1	1/8	1/8	1		-3	63		1271
98	98	1/2	1/2	12/8	1	1	1/8	1/8	1		7	61		1272
98	98	5/8	5/8	12/8	1	1	1/8	1/8	1		2	62		1273
98	98	3/4	3/4	12/8	1	2	1/8	1/8	1		5	47		1276
98	98	3/4	3/4	12/8	1	3	1/8	1/8	1		8	56		1278
98	98	3/4	3/4	12/8	1	1	1/8	1/8	1		2	62		1274
98	98	9/8	9/8	12/8	1	2	1/8	1/8	1		-2	46		1277
98	98	9/8	9/8	12/8	1	3	1/8	1/8	1		1	55		1279
98	98	9/8	9/8	12/8	1	1	1/8	1/8	1		2	62		1275
99	99	0	0	12/8	1	2	1/8	1/8	1		3	45		1284
99	99	0	0	12/8	1	3	1/8	1/8	1		6	54		1288
99	99	0	0	12/8	1	1	1/8	1/8	1		2	62		1280
99	99	3/8	3/8	12/8	1	2	1/8	1/8	1		8	44		1285
99	99	3/8	3/8	12/8	1	3	1/8	1/8	1		-1	53		1289
99	99	3/8	3/8	12/8	1	1	1/8	1/8	1		2	62		1281
99	99	3/4	3/4	12/8	1	2	1/8	1/8	1		3	45		1286
99	99	3/4	3/4	12/8	1	3	1/8	1/8	1		4	52		1290
99	99	3/4	3/4	12/8	1	1	1/8	1/8	1		2	62		1282
99	99	9/8	9/8	12/8	1	2	1/8	1/8	1		3	45		1287
99	99	9/8	9/8	12/8	1	3	1/8	1/8	1		4	52		1291
99	99	9/8	9/8	12/8	1	1	1/8	1/8	1		7	61		1283
100	100	0	0	12/8	1	1	1/8	1/8	1		2	50		1292
100	100	1/8	1/8	12/8	1	1	1/8	1/8	1		6	54		1293
100	100	1/4	1/4	12/8	1	1	1/8	1/8	1		3	57		1294
100	100	3/8	3/8	12/8	1	1	1/8	1/8	1		2	62		1295
100	100	1/2	1/2	12/8	1	1	1/8	1/8	1		3	57		1296
100	100	5/8	5/8	12/8	1	1	1/8	1/8	1		6	54		1297
100	100	3/4	3/4	12/8	1	1	1/8	1/8	1		2	50		1298
100	100	7/8	7/8	12/8	1	1	1/8	1/8	1		6	54		1299
100	100	1	1	12/8	1	1	1/8	1/8	1		3	57		1300
100	100	9/8	9/8	12/8	1	1	1/8	1/8	1		0	60		1301
100	100	5/4	5/4	12/8	1	1	1/8	1/8	1		3	57		1302
100	100	11/8	11/8	12/8	1	1	1/8	1/8	1		6	54		1303
101	101	0	0	12/8	1	1	1/8	1/8	1		2	50		1304
101	101	1/8	1/8	12/8	1	1	1/8	1/8	1		1	55		1305
101	101	1/4	1/4	12/8	1	1	1/8	1/8	1		5	59		1306
101	101	3/8	3/8	12/8	1	1	1/8	1/8	1		2	62		1307
101	101	1/2	1/2	12/8	1	1	1/8	1/8	1		5	59		1308
101	101	5/8	5/8	12/8	1	1	1/8	1/8	1		2	62		1309
101	101	3/4	3/4	12/8	1	1	1/8	1/8	1		1	67		1310
101	101	7/8	7/8	12/8	1	1	1/8	1/8	1		2	62		1311
101	101	1	1	12/8	1	1	1/8	1/8	1		1	67		1312
101	101	9/8	9/8	12/8	1	1	1/8	1/8	1		5	71		1313
101	101	5/4	5/4	12/8	1	1	1/8	1/8	1		1	67		1314
101	101	11/8	11/8	12/8	1	1	1/8	1/8	1		4	64		1315
102	102	0	0	12/8	1	1	1/8	1/8	1		7	61		1316
102	102	1/8	1/8	12/8	1	1	1/8	1/8	1		4	64		1317
102	102	1/4	1/4	12/8	1	1	1/8	1/8	1		2	62		1318
102	102	3/8	3/8	12/8	1	1	1/8	1/8	1		4	64		1319
102	102	1/2	1/2	12/8	1	1	1/8	1/8	1		1	67		1320
102	102	5/8	5/8	12/8	1	1	1/8	1/8	1		6	66		1321
102	102	3/4	3/4	12/8	1	1	1/8	1/8	1		1	67		1322
102	102	7/8	7/8	12/8	1	1	1/8	1/8	1		5	71		1323
102	102	1	1	12/8	1	1	1/8	1/8	1		3	69		1324
102	102	9/8	9/8	12/8	1	1	1/8	1/8	1		5	71		1325
102	102	5/4	5/4	12/8	1	1	1/8	1/8	1		2	74		1326
102	102	11/8	11/8	12/8	1	1	1/8	1/8	1		7	73		1327
103	103	0	0	12/8	1	1	1/8	1/8	1		2	74		1328
103	103	1/8	1/8	12/8	1	1	1/8	1/8	1		3	69		1329
103	103	1/4	1/4	12/8	1	1	1/8	1/8	1		6	66		1330
103	103	3/8	3/8	12/8	1	1	1/8	1/8	1		3	69		1331
103	103	1/2	1/2	12/8	1	1	1/8	1/8	1		6	66		1332
103	103	5/8	5/8	12/8	1	1	1/8	1/8	1		2	62		1333
103	103	3/4	3/4	12/8	1	1	1/8	1/8	1		6	66		1334
103	103	7/8	7/8	12/8	1	1	1/8	1/8	1		2	62		1335
103	103	1	1	12/8	1	1	1/8	1/8	1		3	57		1336
103	103	9/8	9/8	12/8	1	1	1/8	1/8	1		2	62		1337
103	103	5/4	5/4	12/8	1	1	1/8	1/8	1		3	57		1338
103	103	11/8	11/8	12/8	1	1	1/8	1/8	1		6	54		1339
104	104	0	0	12/8	1	1	1/8	1/8	1		3	57		1340
104	104	1/8	1/8	12/8	1	1	1/8	1/8	1		6	54		1341
104	104	1/4	1/4	12/8	1	1	1/8	1/8	1		2	50		1342
104	104	3/8	3/8	12/8	1	1	1/8	1/8	1		6	54		1343
104	104	1/2	1/2	12/8	1	1	1/8	1/8	1		2	50		1344
104	104	5/8	5/8	12/8	1	1	1/8	1/8	1		3	45		1345
104	104	3/4	3/4	12/8	1	1	1/8	1/8	1		2	38		1346
104	104	7/8	7/8	12/8	1	1	1/8	1/8	1		3	45		1347
104	104	1	1	12/8	1	1	1/8	1/8	1		6	54		1348
104	104	9/8	9/8	12/8	1	1	3/8	1/4	3/2		2	62		1349
